/*
Navicat MySQL Data Transfer

Source Server         : graduationProject
Source Server Version : 50714
Source Host           : localhost:3306
Source Database       : graduation_project

Target Server Type    : MYSQL
Target Server Version : 50714
File Encoding         : 65001

Date: 2020-03-05 16:13:20
*/

SET FOREIGN_KEY_CHECKS=0;

-- ----------------------------
-- Table structure for child_classes
-- ----------------------------
DROP TABLE IF EXISTS `child_classes`;
CREATE TABLE `child_classes` (
  `child_classes_id` int(4) NOT NULL AUTO_INCREMENT,
  `child_classes_name` varchar(20) DEFAULT NULL,
  `classes_id` int(4) DEFAULT NULL,
  PRIMARY KEY (`child_classes_id`)
) ENGINE=MyISAM AUTO_INCREMENT=117 DEFAULT CHARSET=utf8;

-- ----------------------------
-- Records of child_classes
-- ----------------------------
INSERT INTO `child_classes` VALUES ('1', '后端开发', '1');
INSERT INTO `child_classes` VALUES ('2', '移动开发', '1');
INSERT INTO `child_classes` VALUES ('3', '测试', '1');
INSERT INTO `child_classes` VALUES ('4', '运维/技术支持', '1');
INSERT INTO `child_classes` VALUES ('5', '数据', '1');
INSERT INTO `child_classes` VALUES ('6', '项目管理', '1');
INSERT INTO `child_classes` VALUES ('7', '硬件开发', '1');
INSERT INTO `child_classes` VALUES ('8', '前端开发', '1');
INSERT INTO `child_classes` VALUES ('9', '通信', '1');
INSERT INTO `child_classes` VALUES ('10', '电子/半导体', '1');
INSERT INTO `child_classes` VALUES ('11', '高端技术职位', '1');
INSERT INTO `child_classes` VALUES ('12', '人工智能', '1');
INSERT INTO `child_classes` VALUES ('13', '销售技术支持', '1');
INSERT INTO `child_classes` VALUES ('14', '其他技术职位', '1');
INSERT INTO `child_classes` VALUES ('15', '产品经理', '2');
INSERT INTO `child_classes` VALUES ('16', '高端产品职位', '2');
INSERT INTO `child_classes` VALUES ('17', '其他产品职位', '2');
INSERT INTO `child_classes` VALUES ('18', '视觉设计', '3');
INSERT INTO `child_classes` VALUES ('19', '交互设计', '3');
INSERT INTO `child_classes` VALUES ('20', '用户研究', '3');
INSERT INTO `child_classes` VALUES ('21', '高端设计职位', '3');
INSERT INTO `child_classes` VALUES ('22', '非视觉设计', '3');
INSERT INTO `child_classes` VALUES ('23', '其他设计职位', '3');
INSERT INTO `child_classes` VALUES ('24', '运营', '4');
INSERT INTO `child_classes` VALUES ('25', '编辑', '4');
INSERT INTO `child_classes` VALUES ('26', '客服', '4');
INSERT INTO `child_classes` VALUES ('27', '高端运营职位', '4');
INSERT INTO `child_classes` VALUES ('28', '其他运营职位', '4');
INSERT INTO `child_classes` VALUES ('29', '政府事务', '5');
INSERT INTO `child_classes` VALUES ('30', '市场/营销', '5');
INSERT INTO `child_classes` VALUES ('31', '公关媒介', '5');
INSERT INTO `child_classes` VALUES ('32', '会务会展', '5');
INSERT INTO `child_classes` VALUES ('33', '广告', '5');
INSERT INTO `child_classes` VALUES ('34', '高端市场职位', '5');
INSERT INTO `child_classes` VALUES ('35', '其他市场职位', '5');
INSERT INTO `child_classes` VALUES ('36', '人力资源', '6');
INSERT INTO `child_classes` VALUES ('37', '行政', '6');
INSERT INTO `child_classes` VALUES ('38', '财务', '6');
INSERT INTO `child_classes` VALUES ('39', '法务', '6');
INSERT INTO `child_classes` VALUES ('40', '其他职能职位', '6');
INSERT INTO `child_classes` VALUES ('41', '高级管理职位', '7');
INSERT INTO `child_classes` VALUES ('42', '销售', '8');
INSERT INTO `child_classes` VALUES ('43', '销售管理', '8');
INSERT INTO `child_classes` VALUES ('44', '其他销售职位', '8');
INSERT INTO `child_classes` VALUES ('45', '采编/写作/出版', '9');
INSERT INTO `child_classes` VALUES ('46', '公关媒介', '9');
INSERT INTO `child_classes` VALUES ('47', '会务会展', '9');
INSERT INTO `child_classes` VALUES ('48', '广告', '9');
INSERT INTO `child_classes` VALUES ('49', '影视媒体', '9');
INSERT INTO `child_classes` VALUES ('50', '其他传媒职位', '9');
INSERT INTO `child_classes` VALUES ('51', '投融资', '10');
INSERT INTO `child_classes` VALUES ('52', '风控', '10');
INSERT INTO `child_classes` VALUES ('53', '税务审计', '10');
INSERT INTO `child_classes` VALUES ('54', '银行', '10');
INSERT INTO `child_classes` VALUES ('55', '互联网金融', '10');
INSERT INTO `child_classes` VALUES ('56', '保险', '10');
INSERT INTO `child_classes` VALUES ('57', '证券', '10');
INSERT INTO `child_classes` VALUES ('58', '其他金融职位', '10');
INSERT INTO `child_classes` VALUES ('59', '教育产品研发', '11');
INSERT INTO `child_classes` VALUES ('60', '教育行政', '11');
INSERT INTO `child_classes` VALUES ('61', '教师', '11');
INSERT INTO `child_classes` VALUES ('62', 'IT培训', '11');
INSERT INTO `child_classes` VALUES ('63', '职业培训', '11');
INSERT INTO `child_classes` VALUES ('64', '招生', '11');
INSERT INTO `child_classes` VALUES ('65', '教练', '11');
INSERT INTO `child_classes` VALUES ('66', '其他教育培训职位', '11');
INSERT INTO `child_classes` VALUES ('67', '临床试验', '12');
INSERT INTO `child_classes` VALUES ('68', '医生/医技', '12');
INSERT INTO `child_classes` VALUES ('69', '护士/护理', '12');
INSERT INTO `child_classes` VALUES ('70', '健康整形', '12');
INSERT INTO `child_classes` VALUES ('71', '生物制药', '12');
INSERT INTO `child_classes` VALUES ('72', '医疗器械', '12');
INSERT INTO `child_classes` VALUES ('73', '药店', '12');
INSERT INTO `child_classes` VALUES ('74', '医学营销/媒体', '12');
INSERT INTO `child_classes` VALUES ('75', '其他医疗健康职位', '12');
INSERT INTO `child_classes` VALUES ('76', '采购', '13');
INSERT INTO `child_classes` VALUES ('77', '进出口贸易', '13');
INSERT INTO `child_classes` VALUES ('78', '其他采购/贸易职位', '13');
INSERT INTO `child_classes` VALUES ('79', '物流', '14');
INSERT INTO `child_classes` VALUES ('80', '仓储', '14');
INSERT INTO `child_classes` VALUES ('81', '运输', '14');
INSERT INTO `child_classes` VALUES ('82', '高端供应链职位', '14');
INSERT INTO `child_classes` VALUES ('83', '其他供应链职位', '14');
INSERT INTO `child_classes` VALUES ('84', '房地产规划开发', '15');
INSERT INTO `child_classes` VALUES ('85', '设计装修与市政建设', '15');
INSERT INTO `child_classes` VALUES ('86', '房地产经纪', '15');
INSERT INTO `child_classes` VALUES ('87', '物业管理', '15');
INSERT INTO `child_classes` VALUES ('88', '高端房地产职位', '15');
INSERT INTO `child_classes` VALUES ('89', '其他房地产职位', '15');
INSERT INTO `child_classes` VALUES ('90', '咨询/调研', '16');
INSERT INTO `child_classes` VALUES ('91', '律师', '16');
INSERT INTO `child_classes` VALUES ('92', '翻译', '16');
INSERT INTO `child_classes` VALUES ('93', '高端咨询类职位', '16');
INSERT INTO `child_classes` VALUES ('94', '其他咨询类职位', '16');
INSERT INTO `child_classes` VALUES ('95', '旅游服务', '17');
INSERT INTO `child_classes` VALUES ('96', '旅游产品开发/策划', '17');
INSERT INTO `child_classes` VALUES ('97', '其他旅游职位', '17');
INSERT INTO `child_classes` VALUES ('98', '安保/家政/维修', '18');
INSERT INTO `child_classes` VALUES ('99', '宠物服务', '18');
INSERT INTO `child_classes` VALUES ('100', '婚礼/花艺', '18');
INSERT INTO `child_classes` VALUES ('101', '美容保健', '18');
INSERT INTO `child_classes` VALUES ('102', '酒店', '18');
INSERT INTO `child_classes` VALUES ('103', '餐饮', '18');
INSERT INTO `child_classes` VALUES ('104', '零售', '18');
INSERT INTO `child_classes` VALUES ('105', '运动健身', '18');
INSERT INTO `child_classes` VALUES ('106', '其他服务业职位', '18');
INSERT INTO `child_classes` VALUES ('107', '生产营运', '19');
INSERT INTO `child_classes` VALUES ('108', '质量安全', '19');
INSERT INTO `child_classes` VALUES ('109', '新能源', '19');
INSERT INTO `child_classes` VALUES ('110', '汽车制造', '19');
INSERT INTO `child_classes` VALUES ('111', '汽车销售与服务', '19');
INSERT INTO `child_classes` VALUES ('112', '机械设计/制造', '19');
INSERT INTO `child_classes` VALUES ('113', '化工', '19');
INSERT INTO `child_classes` VALUES ('114', '服装/纺织/皮革', '19');
INSERT INTO `child_classes` VALUES ('115', '技工/普工', '19');
INSERT INTO `child_classes` VALUES ('116', '其他生产制造职位', '19');

-- ----------------------------
-- Table structure for classes
-- ----------------------------
DROP TABLE IF EXISTS `classes`;
CREATE TABLE `classes` (
  `classes_id` int(4) NOT NULL AUTO_INCREMENT,
  `classes_name` varchar(20) DEFAULT NULL,
  PRIMARY KEY (`classes_id`)
) ENGINE=MyISAM AUTO_INCREMENT=20 DEFAULT CHARSET=utf8;

-- ----------------------------
-- Records of classes
-- ----------------------------
INSERT INTO `classes` VALUES ('1', '技术');
INSERT INTO `classes` VALUES ('2', '产品');
INSERT INTO `classes` VALUES ('3', '设计');
INSERT INTO `classes` VALUES ('4', '运营');
INSERT INTO `classes` VALUES ('5', '市场');
INSERT INTO `classes` VALUES ('6', '人事');
INSERT INTO `classes` VALUES ('7', '高级管理');
INSERT INTO `classes` VALUES ('8', '销售');
INSERT INTO `classes` VALUES ('9', '媒体');
INSERT INTO `classes` VALUES ('10', '金融');
INSERT INTO `classes` VALUES ('11', '教育培训');
INSERT INTO `classes` VALUES ('12', '医疗健康');
INSERT INTO `classes` VALUES ('13', '采购贸易');
INSERT INTO `classes` VALUES ('14', '供应链/物流');
INSERT INTO `classes` VALUES ('15', '房地产/建筑');
INSERT INTO `classes` VALUES ('16', '咨询/翻译/法律');
INSERT INTO `classes` VALUES ('17', '旅游');
INSERT INTO `classes` VALUES ('18', '服务业');
INSERT INTO `classes` VALUES ('19', '生产制造');

-- ----------------------------
-- Table structure for job_classes
-- ----------------------------
DROP TABLE IF EXISTS `job_classes`;
CREATE TABLE `job_classes` (
  `job_classes_id` int(4) NOT NULL AUTO_INCREMENT,
  `job_classes_name` varchar(20) DEFAULT NULL,
  `job_classes_url` varchar(255) DEFAULT NULL,
  `child_classes_id` int(4) DEFAULT NULL,
  `isRecommend` tinyint(4) DEFAULT '0' COMMENT '0为非推荐职位分类，1为推荐职位分类',
  `isHot` tinyint(4) DEFAULT '0' COMMENT '0为非热门职位分类，1为热门职位分类',
  PRIMARY KEY (`job_classes_id`)
) ENGINE=MyISAM AUTO_INCREMENT=870 DEFAULT CHARSET=utf8;

-- ----------------------------
-- Records of job_classes
-- ----------------------------
INSERT INTO `job_classes` VALUES ('1', '后端开发', null, '1', '0', '0');
INSERT INTO `job_classes` VALUES ('2', 'Java', null, '1', '0', '0');
INSERT INTO `job_classes` VALUES ('3', 'C++', null, '1', '0', '0');
INSERT INTO `job_classes` VALUES ('4', 'PHP', null, '1', '0', '0');
INSERT INTO `job_classes` VALUES ('5', '数据挖掘', null, '1', '0', '0');
INSERT INTO `job_classes` VALUES ('6', 'C', null, '1', '0', '0');
INSERT INTO `job_classes` VALUES ('7', 'C#', null, '1', '0', '0');
INSERT INTO `job_classes` VALUES ('8', '.NET', null, '1', '0', '0');
INSERT INTO `job_classes` VALUES ('9', 'Hadoop', null, '1', '0', '0');
INSERT INTO `job_classes` VALUES ('10', 'Python', null, '1', '0', '0');
INSERT INTO `job_classes` VALUES ('11', 'Delphi', null, '1', '0', '0');
INSERT INTO `job_classes` VALUES ('12', 'VB', null, '1', '0', '0');
INSERT INTO `job_classes` VALUES ('13', 'Perl', null, '1', '0', '0');
INSERT INTO `job_classes` VALUES ('14', 'Ruby', null, '1', '0', '0');
INSERT INTO `job_classes` VALUES ('15', 'Node.js', null, '1', '0', '0');
INSERT INTO `job_classes` VALUES ('16', '搜索算法', null, '1', '0', '0');
INSERT INTO `job_classes` VALUES ('17', 'Golang', null, '1', '0', '0');
INSERT INTO `job_classes` VALUES ('18', '推荐算法', null, '1', '0', '0');
INSERT INTO `job_classes` VALUES ('19', 'Erlang', null, '1', '0', '0');
INSERT INTO `job_classes` VALUES ('20', '算法工程师', null, '1', '0', '0');
INSERT INTO `job_classes` VALUES ('21', '语音/视频/图形开发', null, '1', '0', '0');
INSERT INTO `job_classes` VALUES ('22', '数据采集', null, '1', '0', '0');
INSERT INTO `job_classes` VALUES ('23', 'UE4', null, '2', '0', '0');
INSERT INTO `job_classes` VALUES ('24', '移动开发', null, '2', '0', '0');
INSERT INTO `job_classes` VALUES ('25', 'HTML5', null, '2', '0', '0');
INSERT INTO `job_classes` VALUES ('26', 'Android', null, '2', '0', '0');
INSERT INTO `job_classes` VALUES ('27', 'iOS', null, '2', '0', '0');
INSERT INTO `job_classes` VALUES ('28', 'WP', null, '2', '0', '0');
INSERT INTO `job_classes` VALUES ('29', '移动web前端', null, '2', '0', '0');
INSERT INTO `job_classes` VALUES ('30', 'Flash开发', null, '2', '0', '0');
INSERT INTO `job_classes` VALUES ('31', 'JavaScript', null, '2', '0', '0');
INSERT INTO `job_classes` VALUES ('32', 'U3D', null, '2', '0', '0');
INSERT INTO `job_classes` VALUES ('33', 'COCOS2DX', null, '2', '0', '0');
INSERT INTO `job_classes` VALUES ('34', '测试工程师', null, '3', '0', '0');
INSERT INTO `job_classes` VALUES ('35', '自动化测试', null, '3', '0', '0');
INSERT INTO `job_classes` VALUES ('36', '功能测试', null, '3', '0', '0');
INSERT INTO `job_classes` VALUES ('37', '性能测试', null, '3', '0', '0');
INSERT INTO `job_classes` VALUES ('38', '测试开发', null, '3', '0', '0');
INSERT INTO `job_classes` VALUES ('39', '移动端测试', null, '3', '0', '0');
INSERT INTO `job_classes` VALUES ('40', '游戏测试', null, '3', '0', '0');
INSERT INTO `job_classes` VALUES ('41', '硬件测试', null, '3', '0', '0');
INSERT INTO `job_classes` VALUES ('42', '软件测试', null, '3', '0', '0');
INSERT INTO `job_classes` VALUES ('43', '运维工程师', null, '4', '0', '0');
INSERT INTO `job_classes` VALUES ('44', '运维开发工程师', null, '4', '0', '0');
INSERT INTO `job_classes` VALUES ('45', '网络工程师', null, '4', '0', '0');
INSERT INTO `job_classes` VALUES ('46', '系统工程师', null, '4', '0', '0');
INSERT INTO `job_classes` VALUES ('47', 'IT技术支持', null, '4', '0', '0');
INSERT INTO `job_classes` VALUES ('48', '系统管理员', null, '4', '0', '0');
INSERT INTO `job_classes` VALUES ('49', '网络安全', null, '4', '0', '0');
INSERT INTO `job_classes` VALUES ('50', '系统安全', null, '4', '0', '0');
INSERT INTO `job_classes` VALUES ('51', 'DBA', null, '4', '0', '0');
INSERT INTO `job_classes` VALUES ('52', '数据', null, '5', '0', '0');
INSERT INTO `job_classes` VALUES ('53', 'ETL工程师', null, '5', '0', '0');
INSERT INTO `job_classes` VALUES ('54', '数据仓库', null, '5', '0', '0');
INSERT INTO `job_classes` VALUES ('55', '数据开发', null, '5', '0', '0');
INSERT INTO `job_classes` VALUES ('56', '数据挖掘', null, '5', '0', '0');
INSERT INTO `job_classes` VALUES ('57', '数据分析师', null, '5', '0', '0');
INSERT INTO `job_classes` VALUES ('58', '数据架构师', null, '5', '0', '0');
INSERT INTO `job_classes` VALUES ('59', '算法研究员', null, '5', '0', '0');
INSERT INTO `job_classes` VALUES ('60', '项目经理', null, '6', '0', '0');
INSERT INTO `job_classes` VALUES ('61', '项目主管', null, '6', '0', '0');
INSERT INTO `job_classes` VALUES ('62', '项目助理', null, '6', '0', '0');
INSERT INTO `job_classes` VALUES ('63', '项目专员', null, '6', '0', '0');
INSERT INTO `job_classes` VALUES ('64', '实施顾问', null, '6', '0', '0');
INSERT INTO `job_classes` VALUES ('65', '实施工程师', null, '6', '0', '0');
INSERT INTO `job_classes` VALUES ('66', '需求分析工程师', null, '6', '0', '0');
INSERT INTO `job_classes` VALUES ('67', '硬件', null, '7', '0', '0');
INSERT INTO `job_classes` VALUES ('68', '嵌入式', null, '7', '0', '0');
INSERT INTO `job_classes` VALUES ('69', '自动化', null, '7', '0', '0');
INSERT INTO `job_classes` VALUES ('70', '单片机', null, '7', '0', '0');
INSERT INTO `job_classes` VALUES ('71', '电路设计', null, '7', '0', '0');
INSERT INTO `job_classes` VALUES ('72', '驱动开发', null, '7', '0', '0');
INSERT INTO `job_classes` VALUES ('73', '系统集成', null, '7', '0', '0');
INSERT INTO `job_classes` VALUES ('74', 'FPGA开发', null, '7', '0', '0');
INSERT INTO `job_classes` VALUES ('75', 'DSP开发', null, '7', '0', '0');
INSERT INTO `job_classes` VALUES ('76', 'ARM开发', null, '7', '0', '0');
INSERT INTO `job_classes` VALUES ('77', 'PCB工艺', null, '7', '0', '0');
INSERT INTO `job_classes` VALUES ('78', '射频工程师', null, '7', '0', '0');
INSERT INTO `job_classes` VALUES ('79', '前端开发', null, '8', '0', '0');
INSERT INTO `job_classes` VALUES ('80', 'web前端', null, '8', '0', '0');
INSERT INTO `job_classes` VALUES ('81', 'JavaScript', null, '8', '0', '0');
INSERT INTO `job_classes` VALUES ('82', 'Flash开发', null, '8', '0', '0');
INSERT INTO `job_classes` VALUES ('83', 'HTML5', null, '8', '0', '0');
INSERT INTO `job_classes` VALUES ('84', '通信技术工程师', null, '9', '0', '0');
INSERT INTO `job_classes` VALUES ('85', '通信研发工程师', null, '9', '0', '0');
INSERT INTO `job_classes` VALUES ('86', '数据通信工程师', null, '9', '0', '0');
INSERT INTO `job_classes` VALUES ('87', '移动通信工程师', null, '9', '0', '0');
INSERT INTO `job_classes` VALUES ('88', '电信网络工程师', null, '9', '0', '0');
INSERT INTO `job_classes` VALUES ('89', '电信交换工程师', null, '9', '0', '0');
INSERT INTO `job_classes` VALUES ('90', '有线传输工程师', null, '9', '0', '0');
INSERT INTO `job_classes` VALUES ('91', '无线射频工程师', null, '9', '0', '0');
INSERT INTO `job_classes` VALUES ('92', '通信电源工程师', null, '9', '0', '0');
INSERT INTO `job_classes` VALUES ('93', '通信标准化工程师', null, '9', '0', '0');
INSERT INTO `job_classes` VALUES ('94', '通信项目专员', null, '9', '0', '0');
INSERT INTO `job_classes` VALUES ('95', '通信项目经理', null, '9', '0', '0');
INSERT INTO `job_classes` VALUES ('96', '核心网工程师', null, '9', '0', '0');
INSERT INTO `job_classes` VALUES ('97', '通信测试工程师', null, '9', '0', '0');
INSERT INTO `job_classes` VALUES ('98', '通信设备工程师', null, '9', '0', '0');
INSERT INTO `job_classes` VALUES ('99', '光通信工程师', null, '9', '0', '0');
INSERT INTO `job_classes` VALUES ('100', '光传输工程师', null, '9', '0', '0');
INSERT INTO `job_classes` VALUES ('101', '光网络工程师', null, '9', '0', '0');
INSERT INTO `job_classes` VALUES ('102', '电子工程师', null, '10', '0', '0');
INSERT INTO `job_classes` VALUES ('103', '电气工程师', null, '10', '0', '0');
INSERT INTO `job_classes` VALUES ('104', 'FAE', null, '10', '0', '0');
INSERT INTO `job_classes` VALUES ('105', '电气设计工程师', null, '10', '0', '0');
INSERT INTO `job_classes` VALUES ('106', '高端技术职位', null, '11', '0', '0');
INSERT INTO `job_classes` VALUES ('107', '技术经理', null, '11', '0', '0');
INSERT INTO `job_classes` VALUES ('108', '技术总监', null, '11', '0', '0');
INSERT INTO `job_classes` VALUES ('109', '测试经理', null, '11', '0', '0');
INSERT INTO `job_classes` VALUES ('110', '架构师', null, '11', '0', '0');
INSERT INTO `job_classes` VALUES ('111', 'CTO', null, '11', '0', '0');
INSERT INTO `job_classes` VALUES ('112', '运维总监', null, '11', '0', '0');
INSERT INTO `job_classes` VALUES ('113', '技术合伙人', null, '11', '0', '0');
INSERT INTO `job_classes` VALUES ('114', '智能驾驶系统工程师', null, '12', '0', '0');
INSERT INTO `job_classes` VALUES ('115', '反欺诈/风控算法', null, '12', '0', '0');
INSERT INTO `job_classes` VALUES ('116', '人工智能', null, '12', '0', '0');
INSERT INTO `job_classes` VALUES ('117', '自然语言处理', null, '12', '0', '0');
INSERT INTO `job_classes` VALUES ('118', '机器学习', null, '12', '0', '0');
INSERT INTO `job_classes` VALUES ('119', '深度学习', null, '12', '0', '0');
INSERT INTO `job_classes` VALUES ('120', '语音识别', null, '12', '0', '0');
INSERT INTO `job_classes` VALUES ('121', '图像识别', null, '12', '0', '0');
INSERT INTO `job_classes` VALUES ('122', '算法研究员', null, '12', '0', '0');
INSERT INTO `job_classes` VALUES ('123', '销售技术支持', null, '13', '0', '0');
INSERT INTO `job_classes` VALUES ('124', '售前工程师', null, '13', '0', '0');
INSERT INTO `job_classes` VALUES ('125', '售后工程师', null, '13', '0', '0');
INSERT INTO `job_classes` VALUES ('126', '其他技术职位', null, '14', '0', '0');
INSERT INTO `job_classes` VALUES ('127', '硬件产品经理', null, '15', '0', '0');
INSERT INTO `job_classes` VALUES ('128', '产品经理', null, '15', '0', '0');
INSERT INTO `job_classes` VALUES ('129', '网页产品经理', null, '15', '0', '0');
INSERT INTO `job_classes` VALUES ('130', '移动产品经理', null, '15', '0', '0');
INSERT INTO `job_classes` VALUES ('131', '产品助理', null, '15', '0', '0');
INSERT INTO `job_classes` VALUES ('132', '数据产品经理', null, '15', '0', '0');
INSERT INTO `job_classes` VALUES ('133', '电商产品经理', null, '15', '0', '0');
INSERT INTO `job_classes` VALUES ('134', '游戏策划', null, '15', '0', '0');
INSERT INTO `job_classes` VALUES ('135', '产品专员', null, '15', '0', '0');
INSERT INTO `job_classes` VALUES ('136', '高端产品职位', null, '16', '0', '0');
INSERT INTO `job_classes` VALUES ('137', '产品总监', null, '16', '0', '0');
INSERT INTO `job_classes` VALUES ('138', '游戏制作人', null, '16', '0', '0');
INSERT INTO `job_classes` VALUES ('139', '产品VP', null, '16', '0', '0');
INSERT INTO `job_classes` VALUES ('140', '其他产品职位', null, '17', '0', '0');
INSERT INTO `job_classes` VALUES ('141', '视觉设计', null, '18', '0', '0');
INSERT INTO `job_classes` VALUES ('142', '视觉设计师', null, '18', '0', '0');
INSERT INTO `job_classes` VALUES ('143', '网页设计师', null, '18', '0', '0');
INSERT INTO `job_classes` VALUES ('144', 'Flash设计师', null, '18', '0', '0');
INSERT INTO `job_classes` VALUES ('145', 'APP设计师', null, '18', '0', '0');
INSERT INTO `job_classes` VALUES ('146', 'UI设计师', null, '18', '0', '0');
INSERT INTO `job_classes` VALUES ('147', '平面设计师', null, '18', '0', '0');
INSERT INTO `job_classes` VALUES ('148', '美术设计师（2D/3D）', null, '18', '0', '0');
INSERT INTO `job_classes` VALUES ('149', '广告设计师', null, '18', '0', '0');
INSERT INTO `job_classes` VALUES ('150', '多媒体设计师', null, '18', '0', '0');
INSERT INTO `job_classes` VALUES ('151', '原画师', null, '18', '0', '0');
INSERT INTO `job_classes` VALUES ('152', '游戏特效', null, '18', '0', '0');
INSERT INTO `job_classes` VALUES ('153', '游戏界面设计师', null, '18', '0', '0');
INSERT INTO `job_classes` VALUES ('154', '游戏场景', null, '18', '0', '0');
INSERT INTO `job_classes` VALUES ('155', '游戏角色', null, '18', '0', '0');
INSERT INTO `job_classes` VALUES ('156', '游戏动作', null, '18', '0', '0');
INSERT INTO `job_classes` VALUES ('157', '三维/CAD/制图', null, '18', '0', '0');
INSERT INTO `job_classes` VALUES ('158', '美工', null, '18', '0', '0');
INSERT INTO `job_classes` VALUES ('159', '包装设计', null, '18', '0', '0');
INSERT INTO `job_classes` VALUES ('160', '设计师助理', null, '18', '0', '0');
INSERT INTO `job_classes` VALUES ('161', '动画设计师', null, '18', '0', '0');
INSERT INTO `job_classes` VALUES ('162', '插画师', null, '18', '0', '0');
INSERT INTO `job_classes` VALUES ('163', '交互设计师', null, '19', '0', '0');
INSERT INTO `job_classes` VALUES ('164', '无线交互设计师', null, '19', '0', '0');
INSERT INTO `job_classes` VALUES ('165', '网页交互设计师', null, '19', '0', '0');
INSERT INTO `job_classes` VALUES ('166', '硬件交互设计师', null, '19', '0', '0');
INSERT INTO `job_classes` VALUES ('167', '数据分析师', null, '20', '0', '0');
INSERT INTO `job_classes` VALUES ('168', '用户研究员', null, '20', '0', '0');
INSERT INTO `job_classes` VALUES ('169', '游戏数值策划', null, '20', '0', '0');
INSERT INTO `job_classes` VALUES ('170', 'UX设计师', null, '20', '0', '0');
INSERT INTO `job_classes` VALUES ('171', '用户研究经理', null, '20', '0', '0');
INSERT INTO `job_classes` VALUES ('172', '用户研究总监', null, '20', '0', '0');
INSERT INTO `job_classes` VALUES ('173', '高端设计职位', null, '21', '0', '0');
INSERT INTO `job_classes` VALUES ('174', '设计经理/主管', null, '21', '0', '0');
INSERT INTO `job_classes` VALUES ('175', '设计总监', null, '21', '0', '0');
INSERT INTO `job_classes` VALUES ('176', '视觉设计经理', null, '21', '0', '0');
INSERT INTO `job_classes` VALUES ('177', '视觉设计总监', null, '21', '0', '0');
INSERT INTO `job_classes` VALUES ('178', '交互设计经理/主管', null, '21', '0', '0');
INSERT INTO `job_classes` VALUES ('179', '交互设计总监', null, '21', '0', '0');
INSERT INTO `job_classes` VALUES ('180', '非视觉设计', null, '22', '0', '0');
INSERT INTO `job_classes` VALUES ('181', '服装/纺织设计', null, '22', '0', '0');
INSERT INTO `job_classes` VALUES ('182', '工业设计', null, '22', '0', '0');
INSERT INTO `job_classes` VALUES ('183', '橱柜设计', null, '22', '0', '0');
INSERT INTO `job_classes` VALUES ('184', '家具设计', null, '22', '0', '0');
INSERT INTO `job_classes` VALUES ('185', '家居设计', null, '22', '0', '0');
INSERT INTO `job_classes` VALUES ('186', '珠宝设计', null, '22', '0', '0');
INSERT INTO `job_classes` VALUES ('187', '室内设计', null, '22', '0', '0');
INSERT INTO `job_classes` VALUES ('188', '陈列设计', null, '22', '0', '0');
INSERT INTO `job_classes` VALUES ('189', '其他设计职位', null, '23', '0', '0');
INSERT INTO `job_classes` VALUES ('190', '数据标注', null, '24', '0', '0');
INSERT INTO `job_classes` VALUES ('191', '直播运营', null, '24', '0', '0');
INSERT INTO `job_classes` VALUES ('192', '运营', null, '24', '0', '0');
INSERT INTO `job_classes` VALUES ('193', '用户运营', null, '24', '0', '0');
INSERT INTO `job_classes` VALUES ('194', '产品运营', null, '24', '0', '0');
INSERT INTO `job_classes` VALUES ('195', '数据运营', null, '24', '0', '0');
INSERT INTO `job_classes` VALUES ('196', '内容运营', null, '24', '0', '0');
INSERT INTO `job_classes` VALUES ('197', '活动运营', null, '24', '0', '0');
INSERT INTO `job_classes` VALUES ('198', '商家运营', null, '24', '0', '0');
INSERT INTO `job_classes` VALUES ('199', '品类运营', null, '24', '0', '0');
INSERT INTO `job_classes` VALUES ('200', '游戏运营', null, '24', '0', '0');
INSERT INTO `job_classes` VALUES ('201', '网络推广', null, '24', '0', '0');
INSERT INTO `job_classes` VALUES ('202', '网站运营', null, '24', '0', '0');
INSERT INTO `job_classes` VALUES ('203', '新媒体运营', null, '24', '0', '0');
INSERT INTO `job_classes` VALUES ('204', '社区运营', null, '24', '0', '0');
INSERT INTO `job_classes` VALUES ('205', '微信运营', null, '24', '0', '0');
INSERT INTO `job_classes` VALUES ('206', '微博运营', null, '24', '0', '0');
INSERT INTO `job_classes` VALUES ('207', '策略运营', null, '24', '0', '0');
INSERT INTO `job_classes` VALUES ('208', '线下拓展运营', null, '24', '0', '0');
INSERT INTO `job_classes` VALUES ('209', '电商运营', null, '24', '0', '0');
INSERT INTO `job_classes` VALUES ('210', '运营助理/专员', null, '24', '0', '0');
INSERT INTO `job_classes` VALUES ('211', '内容审核', null, '24', '0', '0');
INSERT INTO `job_classes` VALUES ('212', '销售运营', null, '24', '0', '0');
INSERT INTO `job_classes` VALUES ('213', '编辑', null, '25', '0', '0');
INSERT INTO `job_classes` VALUES ('214', '副主编', null, '25', '0', '0');
INSERT INTO `job_classes` VALUES ('215', '内容编辑', null, '25', '0', '0');
INSERT INTO `job_classes` VALUES ('216', '文案策划', null, '25', '0', '0');
INSERT INTO `job_classes` VALUES ('217', '网站编辑', null, '25', '0', '0');
INSERT INTO `job_classes` VALUES ('218', '记者', null, '25', '0', '0');
INSERT INTO `job_classes` VALUES ('219', '采编', null, '25', '0', '0');
INSERT INTO `job_classes` VALUES ('220', '售前咨询', null, '26', '0', '0');
INSERT INTO `job_classes` VALUES ('221', '售后咨询', null, '26', '0', '0');
INSERT INTO `job_classes` VALUES ('222', '网络客服', null, '26', '0', '0');
INSERT INTO `job_classes` VALUES ('223', '客服经理', null, '26', '0', '0');
INSERT INTO `job_classes` VALUES ('224', '客服专员/助理', null, '26', '0', '0');
INSERT INTO `job_classes` VALUES ('225', '客服主管', null, '26', '0', '0');
INSERT INTO `job_classes` VALUES ('226', '客服总监', null, '26', '0', '0');
INSERT INTO `job_classes` VALUES ('227', '电话客服', null, '26', '0', '0');
INSERT INTO `job_classes` VALUES ('228', '咨询热线/呼叫中心客服', null, '26', '0', '0');
INSERT INTO `job_classes` VALUES ('229', '高端运营职位', null, '27', '0', '0');
INSERT INTO `job_classes` VALUES ('230', '主编', null, '27', '0', '0');
INSERT INTO `job_classes` VALUES ('231', '运营总监', null, '27', '0', '0');
INSERT INTO `job_classes` VALUES ('232', 'COO', null, '27', '0', '0');
INSERT INTO `job_classes` VALUES ('233', '客服总监', null, '27', '0', '0');
INSERT INTO `job_classes` VALUES ('234', '运营经理/主管', null, '27', '0', '0');
INSERT INTO `job_classes` VALUES ('235', '其他运营职位', null, '28', '0', '0');
INSERT INTO `job_classes` VALUES ('236', '政策研究', null, '29', '0', '0');
INSERT INTO `job_classes` VALUES ('237', '企业党建', null, '29', '0', '0');
INSERT INTO `job_classes` VALUES ('238', '政府关系', null, '29', '0', '0');
INSERT INTO `job_classes` VALUES ('239', '选址开发', null, '30', '0', '0');
INSERT INTO `job_classes` VALUES ('240', '市场营销', null, '30', '0', '0');
INSERT INTO `job_classes` VALUES ('241', '市场策划', null, '30', '0', '0');
INSERT INTO `job_classes` VALUES ('242', '市场顾问', null, '30', '0', '0');
INSERT INTO `job_classes` VALUES ('243', '市场推广', null, '30', '0', '0');
INSERT INTO `job_classes` VALUES ('244', 'SEO', null, '30', '0', '0');
INSERT INTO `job_classes` VALUES ('245', 'SEM', null, '30', '0', '0');
INSERT INTO `job_classes` VALUES ('246', '商务渠道', null, '30', '0', '0');
INSERT INTO `job_classes` VALUES ('247', '商业数据分析', null, '30', '0', '0');
INSERT INTO `job_classes` VALUES ('248', '活动策划', null, '30', '0', '0');
INSERT INTO `job_classes` VALUES ('249', '网络营销', null, '30', '0', '0');
INSERT INTO `job_classes` VALUES ('250', '海外市场', null, '30', '0', '0');
INSERT INTO `job_classes` VALUES ('251', 'APP推广', null, '30', '0', '0');
INSERT INTO `job_classes` VALUES ('252', '公关媒介', null, '31', '0', '0');
INSERT INTO `job_classes` VALUES ('253', '媒介经理', null, '31', '0', '0');
INSERT INTO `job_classes` VALUES ('254', '广告协调', null, '31', '0', '0');
INSERT INTO `job_classes` VALUES ('255', '品牌公关', null, '31', '0', '0');
INSERT INTO `job_classes` VALUES ('256', '媒介专员', null, '31', '0', '0');
INSERT INTO `job_classes` VALUES ('257', '活动策划执行', null, '31', '0', '0');
INSERT INTO `job_classes` VALUES ('258', '媒介策划', null, '31', '0', '0');
INSERT INTO `job_classes` VALUES ('259', '会务会展', null, '32', '0', '0');
INSERT INTO `job_classes` VALUES ('260', '会议活动销售', null, '32', '0', '0');
INSERT INTO `job_classes` VALUES ('261', '会议活动策划', null, '32', '0', '0');
INSERT INTO `job_classes` VALUES ('262', '会议活动执行', null, '32', '0', '0');
INSERT INTO `job_classes` VALUES ('263', '会展活动销售', null, '32', '0', '0');
INSERT INTO `job_classes` VALUES ('264', '会展活动策划', null, '32', '0', '0');
INSERT INTO `job_classes` VALUES ('265', '会展活动执行', null, '32', '0', '0');
INSERT INTO `job_classes` VALUES ('266', '广告', null, '33', '0', '0');
INSERT INTO `job_classes` VALUES ('267', '广告创意', null, '33', '0', '0');
INSERT INTO `job_classes` VALUES ('268', '美术指导', null, '33', '0', '0');
INSERT INTO `job_classes` VALUES ('269', '广告设计师', null, '33', '0', '0');
INSERT INTO `job_classes` VALUES ('270', '策划经理', null, '33', '0', '0');
INSERT INTO `job_classes` VALUES ('271', '文案', null, '33', '0', '0');
INSERT INTO `job_classes` VALUES ('272', '广告制作', null, '33', '0', '0');
INSERT INTO `job_classes` VALUES ('273', '媒介投放', null, '33', '0', '0');
INSERT INTO `job_classes` VALUES ('274', '媒介合作', null, '33', '0', '0');
INSERT INTO `job_classes` VALUES ('275', '媒介顾问', null, '33', '0', '0');
INSERT INTO `job_classes` VALUES ('276', '广告审核', null, '33', '0', '0');
INSERT INTO `job_classes` VALUES ('277', '高端市场职位', null, '34', '0', '0');
INSERT INTO `job_classes` VALUES ('278', '市场总监', null, '34', '0', '0');
INSERT INTO `job_classes` VALUES ('279', 'CMO', null, '34', '0', '0');
INSERT INTO `job_classes` VALUES ('280', '公关总监', null, '34', '0', '0');
INSERT INTO `job_classes` VALUES ('281', '媒介总监', null, '34', '0', '0');
INSERT INTO `job_classes` VALUES ('282', '创意总监', null, '34', '0', '0');
INSERT INTO `job_classes` VALUES ('283', '其他市场职位', null, '35', '0', '0');
INSERT INTO `job_classes` VALUES ('284', '人力资源主管', null, '36', '0', '0');
INSERT INTO `job_classes` VALUES ('285', '招聘', null, '36', '0', '0');
INSERT INTO `job_classes` VALUES ('286', 'HRBP', null, '36', '0', '0');
INSERT INTO `job_classes` VALUES ('287', '人力资源专员/助理', null, '36', '0', '0');
INSERT INTO `job_classes` VALUES ('288', '培训', null, '36', '0', '0');
INSERT INTO `job_classes` VALUES ('289', '薪资福利', null, '36', '0', '0');
INSERT INTO `job_classes` VALUES ('290', '绩效考核', null, '36', '0', '0');
INSERT INTO `job_classes` VALUES ('291', '人力资源经理', null, '36', '0', '0');
INSERT INTO `job_classes` VALUES ('292', '人力资源VP/CHO', null, '36', '0', '0');
INSERT INTO `job_classes` VALUES ('293', '人力资源总监', null, '36', '0', '0');
INSERT INTO `job_classes` VALUES ('294', '员工关系', null, '36', '0', '0');
INSERT INTO `job_classes` VALUES ('295', '组织发展', null, '36', '0', '0');
INSERT INTO `job_classes` VALUES ('296', '行政专员/助理', null, '37', '0', '0');
INSERT INTO `job_classes` VALUES ('297', '前台', null, '37', '0', '0');
INSERT INTO `job_classes` VALUES ('298', '行政主管', null, '37', '0', '0');
INSERT INTO `job_classes` VALUES ('299', '经理助理', null, '37', '0', '0');
INSERT INTO `job_classes` VALUES ('300', '后勤', null, '37', '0', '0');
INSERT INTO `job_classes` VALUES ('301', '商务司机', null, '37', '0', '0');
INSERT INTO `job_classes` VALUES ('302', '行政经理', null, '37', '0', '0');
INSERT INTO `job_classes` VALUES ('303', '行政总监', null, '37', '0', '0');
INSERT INTO `job_classes` VALUES ('304', '成本', null, '38', '0', '0');
INSERT INTO `job_classes` VALUES ('305', '财务', null, '38', '0', '0');
INSERT INTO `job_classes` VALUES ('306', '会计', null, '38', '0', '0');
INSERT INTO `job_classes` VALUES ('307', '出纳', null, '38', '0', '0');
INSERT INTO `job_classes` VALUES ('308', '财务顾问', null, '38', '0', '0');
INSERT INTO `job_classes` VALUES ('309', '结算', null, '38', '0', '0');
INSERT INTO `job_classes` VALUES ('310', '税务', null, '38', '0', '0');
INSERT INTO `job_classes` VALUES ('311', '审计', null, '38', '0', '0');
INSERT INTO `job_classes` VALUES ('312', '风控', null, '38', '0', '0');
INSERT INTO `job_classes` VALUES ('313', '财务经理', null, '38', '0', '0');
INSERT INTO `job_classes` VALUES ('314', 'CFO', null, '38', '0', '0');
INSERT INTO `job_classes` VALUES ('315', '财务总监', null, '38', '0', '0');
INSERT INTO `job_classes` VALUES ('316', '财务主管', null, '38', '0', '0');
INSERT INTO `job_classes` VALUES ('317', '法务专员/助理', null, '39', '0', '0');
INSERT INTO `job_classes` VALUES ('318', '律师', null, '39', '0', '0');
INSERT INTO `job_classes` VALUES ('319', '专利', null, '39', '0', '0');
INSERT INTO `job_classes` VALUES ('320', '法律顾问', null, '39', '0', '0');
INSERT INTO `job_classes` VALUES ('321', '法务主管', null, '39', '0', '0');
INSERT INTO `job_classes` VALUES ('322', '法务经理', null, '39', '0', '0');
INSERT INTO `job_classes` VALUES ('323', '法务总监', null, '39', '0', '0');
INSERT INTO `job_classes` VALUES ('324', '其他职能职位', null, '40', '0', '0');
INSERT INTO `job_classes` VALUES ('325', '高级管理职位', null, '41', '0', '0');
INSERT INTO `job_classes` VALUES ('326', '总裁/总经理/CEO', null, '41', '0', '0');
INSERT INTO `job_classes` VALUES ('327', '副总裁/副总经理/VP', null, '41', '0', '0');
INSERT INTO `job_classes` VALUES ('328', '分公司/代表处负责人', null, '41', '0', '0');
INSERT INTO `job_classes` VALUES ('329', '区域负责人(辖多个分公司)', null, '41', '0', '0');
INSERT INTO `job_classes` VALUES ('330', '总助/CEO助理/董事长助理', null, '41', '0', '0');
INSERT INTO `job_classes` VALUES ('331', '合伙人', null, '41', '0', '0');
INSERT INTO `job_classes` VALUES ('332', '联合创始人', null, '41', '0', '0');
INSERT INTO `job_classes` VALUES ('333', '董事会秘书', null, '41', '0', '0');
INSERT INTO `job_classes` VALUES ('334', '销售', null, '42', '0', '0');
INSERT INTO `job_classes` VALUES ('335', '销售专员', null, '42', '0', '0');
INSERT INTO `job_classes` VALUES ('336', '销售经理', null, '42', '0', '0');
INSERT INTO `job_classes` VALUES ('337', '客户代表', null, '42', '0', '0');
INSERT INTO `job_classes` VALUES ('338', '大客户代表', null, '42', '0', '0');
INSERT INTO `job_classes` VALUES ('339', 'BD经理', null, '42', '0', '0');
INSERT INTO `job_classes` VALUES ('340', '商务渠道', null, '42', '0', '0');
INSERT INTO `job_classes` VALUES ('341', '渠道销售', null, '42', '0', '0');
INSERT INTO `job_classes` VALUES ('342', '代理商销售', null, '42', '0', '0');
INSERT INTO `job_classes` VALUES ('343', '销售助理', null, '42', '0', '0');
INSERT INTO `job_classes` VALUES ('344', '电话销售', null, '42', '0', '0');
INSERT INTO `job_classes` VALUES ('345', '销售顾问', null, '42', '0', '0');
INSERT INTO `job_classes` VALUES ('346', '商品经理', null, '42', '0', '0');
INSERT INTO `job_classes` VALUES ('347', '广告销售', null, '42', '0', '0');
INSERT INTO `job_classes` VALUES ('348', '网络营销', null, '42', '0', '0');
INSERT INTO `job_classes` VALUES ('349', '营销主管', null, '42', '0', '0');
INSERT INTO `job_classes` VALUES ('350', '销售工程师', null, '42', '0', '0');
INSERT INTO `job_classes` VALUES ('351', '客户经理', null, '42', '0', '0');
INSERT INTO `job_classes` VALUES ('352', '销售管理', null, '43', '0', '0');
INSERT INTO `job_classes` VALUES ('353', '销售总监', null, '43', '0', '0');
INSERT INTO `job_classes` VALUES ('354', '商务总监', null, '43', '0', '0');
INSERT INTO `job_classes` VALUES ('355', '区域总监', null, '43', '0', '0');
INSERT INTO `job_classes` VALUES ('356', '城市经理', null, '43', '0', '0');
INSERT INTO `job_classes` VALUES ('357', '销售VP', null, '43', '0', '0');
INSERT INTO `job_classes` VALUES ('358', '团队经理', null, '43', '0', '0');
INSERT INTO `job_classes` VALUES ('359', '其他销售职位', null, '44', '0', '0');
INSERT INTO `job_classes` VALUES ('360', '采编/写作/出版', null, '45', '0', '0');
INSERT INTO `job_classes` VALUES ('361', '记者', null, '45', '0', '0');
INSERT INTO `job_classes` VALUES ('362', '编辑', null, '45', '0', '0');
INSERT INTO `job_classes` VALUES ('363', '采编', null, '45', '0', '0');
INSERT INTO `job_classes` VALUES ('364', '撰稿人', null, '45', '0', '0');
INSERT INTO `job_classes` VALUES ('365', '出版发行', null, '45', '0', '0');
INSERT INTO `job_classes` VALUES ('366', '校对录入', null, '45', '0', '0');
INSERT INTO `job_classes` VALUES ('367', '总编', null, '45', '0', '0');
INSERT INTO `job_classes` VALUES ('368', '自媒体', null, '45', '0', '0');
INSERT INTO `job_classes` VALUES ('369', '公关媒介', null, '46', '0', '0');
INSERT INTO `job_classes` VALUES ('370', '媒介经理', null, '46', '0', '0');
INSERT INTO `job_classes` VALUES ('371', '媒介专员', null, '46', '0', '0');
INSERT INTO `job_classes` VALUES ('372', '广告协调', null, '46', '0', '0');
INSERT INTO `job_classes` VALUES ('373', '品牌公关', null, '46', '0', '0');
INSERT INTO `job_classes` VALUES ('374', '活动策划执行', null, '46', '0', '0');
INSERT INTO `job_classes` VALUES ('375', '媒介策划', null, '46', '0', '0');
INSERT INTO `job_classes` VALUES ('376', '会务会展', null, '47', '0', '0');
INSERT INTO `job_classes` VALUES ('377', '会议活动销售', null, '47', '0', '0');
INSERT INTO `job_classes` VALUES ('378', '会议活动策划', null, '47', '0', '0');
INSERT INTO `job_classes` VALUES ('379', '会议活动执行', null, '47', '0', '0');
INSERT INTO `job_classes` VALUES ('380', '会展活动销售', null, '47', '0', '0');
INSERT INTO `job_classes` VALUES ('381', '会展活动策划', null, '47', '0', '0');
INSERT INTO `job_classes` VALUES ('382', '会展活动执行', null, '47', '0', '0');
INSERT INTO `job_classes` VALUES ('383', '广告', null, '48', '0', '0');
INSERT INTO `job_classes` VALUES ('384', '广告创意', null, '48', '0', '0');
INSERT INTO `job_classes` VALUES ('385', '美术指导', null, '48', '0', '0');
INSERT INTO `job_classes` VALUES ('386', '广告设计师', null, '48', '0', '0');
INSERT INTO `job_classes` VALUES ('387', '策划经理', null, '48', '0', '0');
INSERT INTO `job_classes` VALUES ('388', '文案', null, '48', '0', '0');
INSERT INTO `job_classes` VALUES ('389', '广告制作', null, '48', '0', '0');
INSERT INTO `job_classes` VALUES ('390', '媒介投放', null, '48', '0', '0');
INSERT INTO `job_classes` VALUES ('391', '媒介合作', null, '48', '0', '0');
INSERT INTO `job_classes` VALUES ('392', '媒介顾问', null, '48', '0', '0');
INSERT INTO `job_classes` VALUES ('393', '广告审核', null, '48', '0', '0');
INSERT INTO `job_classes` VALUES ('394', '主持人/DJ', null, '49', '0', '0');
INSERT INTO `job_classes` VALUES ('395', '影视媒体', null, '49', '0', '0');
INSERT INTO `job_classes` VALUES ('396', '艺人助理', null, '49', '0', '0');
INSERT INTO `job_classes` VALUES ('397', '统筹制片人', null, '49', '0', '0');
INSERT INTO `job_classes` VALUES ('398', '执行制片人', null, '49', '0', '0');
INSERT INTO `job_classes` VALUES ('399', '导演/编导', null, '49', '0', '0');
INSERT INTO `job_classes` VALUES ('400', '摄影/摄像', null, '49', '0', '0');
INSERT INTO `job_classes` VALUES ('401', '视频编辑', null, '49', '0', '0');
INSERT INTO `job_classes` VALUES ('402', '音频编辑', null, '49', '0', '0');
INSERT INTO `job_classes` VALUES ('403', '经纪人', null, '49', '0', '0');
INSERT INTO `job_classes` VALUES ('404', '后期制作', null, '49', '0', '0');
INSERT INTO `job_classes` VALUES ('405', '影视制作', null, '49', '0', '0');
INSERT INTO `job_classes` VALUES ('406', '影视发行', null, '49', '0', '0');
INSERT INTO `job_classes` VALUES ('407', '影视策划', null, '49', '0', '0');
INSERT INTO `job_classes` VALUES ('408', '主播', null, '49', '0', '0');
INSERT INTO `job_classes` VALUES ('409', '演员/配音/模特', null, '49', '0', '0');
INSERT INTO `job_classes` VALUES ('410', '化妆/造型/服装', null, '49', '0', '0');
INSERT INTO `job_classes` VALUES ('411', '放映管理', null, '49', '0', '0');
INSERT INTO `job_classes` VALUES ('412', '录音/音效', null, '49', '0', '0');
INSERT INTO `job_classes` VALUES ('413', '制片人', null, '49', '0', '0');
INSERT INTO `job_classes` VALUES ('414', '编剧', null, '49', '0', '0');
INSERT INTO `job_classes` VALUES ('415', '其他传媒职位', null, '50', '0', '0');
INSERT INTO `job_classes` VALUES ('416', '投融资', null, '51', '0', '0');
INSERT INTO `job_classes` VALUES ('417', '投资经理', null, '51', '0', '0');
INSERT INTO `job_classes` VALUES ('418', '行业研究', null, '51', '0', '0');
INSERT INTO `job_classes` VALUES ('419', '资产管理', null, '51', '0', '0');
INSERT INTO `job_classes` VALUES ('420', '投资总监', null, '51', '0', '0');
INSERT INTO `job_classes` VALUES ('421', '投资VP', null, '51', '0', '0');
INSERT INTO `job_classes` VALUES ('422', '投资合伙人', null, '51', '0', '0');
INSERT INTO `job_classes` VALUES ('423', '融资', null, '51', '0', '0');
INSERT INTO `job_classes` VALUES ('424', '并购', null, '51', '0', '0');
INSERT INTO `job_classes` VALUES ('425', '投后管理', null, '51', '0', '0');
INSERT INTO `job_classes` VALUES ('426', '投资助理', null, '51', '0', '0');
INSERT INTO `job_classes` VALUES ('427', '其他投融资职位', null, '51', '0', '0');
INSERT INTO `job_classes` VALUES ('428', '投资顾问', null, '51', '0', '0');
INSERT INTO `job_classes` VALUES ('429', '风控', null, '52', '0', '0');
INSERT INTO `job_classes` VALUES ('430', '律师', null, '52', '0', '0');
INSERT INTO `job_classes` VALUES ('431', '资信评估', null, '52', '0', '0');
INSERT INTO `job_classes` VALUES ('432', '合规稽查', null, '52', '0', '0');
INSERT INTO `job_classes` VALUES ('433', '审计', null, '53', '0', '0');
INSERT INTO `job_classes` VALUES ('434', '法务', null, '53', '0', '0');
INSERT INTO `job_classes` VALUES ('435', '会计', null, '53', '0', '0');
INSERT INTO `job_classes` VALUES ('436', '清算', null, '53', '0', '0');
INSERT INTO `job_classes` VALUES ('437', '银行', null, '54', '0', '0');
INSERT INTO `job_classes` VALUES ('438', '信用卡销售', null, '54', '0', '0');
INSERT INTO `job_classes` VALUES ('439', '分析师', null, '54', '0', '0');
INSERT INTO `job_classes` VALUES ('440', '柜员', null, '54', '0', '0');
INSERT INTO `job_classes` VALUES ('441', '商务渠道', null, '54', '0', '0');
INSERT INTO `job_classes` VALUES ('442', '大堂经理', null, '54', '0', '0');
INSERT INTO `job_classes` VALUES ('443', '理财顾问', null, '54', '0', '0');
INSERT INTO `job_classes` VALUES ('444', '客户经理', null, '54', '0', '0');
INSERT INTO `job_classes` VALUES ('445', '信贷管理', null, '54', '0', '0');
INSERT INTO `job_classes` VALUES ('446', '风控', null, '54', '0', '0');
INSERT INTO `job_classes` VALUES ('447', '互联网金融', null, '55', '0', '0');
INSERT INTO `job_classes` VALUES ('448', '金融产品经理', null, '55', '0', '0');
INSERT INTO `job_classes` VALUES ('449', '风控', null, '55', '0', '0');
INSERT INTO `job_classes` VALUES ('450', '催收员', null, '55', '0', '0');
INSERT INTO `job_classes` VALUES ('451', '分析师', null, '55', '0', '0');
INSERT INTO `job_classes` VALUES ('452', '投资经理', null, '55', '0', '0');
INSERT INTO `job_classes` VALUES ('453', '交易员', null, '55', '0', '0');
INSERT INTO `job_classes` VALUES ('454', '理财顾问', null, '55', '0', '0');
INSERT INTO `job_classes` VALUES ('455', '合规稽查', null, '55', '0', '0');
INSERT INTO `job_classes` VALUES ('456', '审计', null, '55', '0', '0');
INSERT INTO `job_classes` VALUES ('457', '清算', null, '55', '0', '0');
INSERT INTO `job_classes` VALUES ('458', '保险业务', null, '56', '0', '0');
INSERT INTO `job_classes` VALUES ('459', '精算师', null, '56', '0', '0');
INSERT INTO `job_classes` VALUES ('460', '保险理赔', null, '56', '0', '0');
INSERT INTO `job_classes` VALUES ('461', '证券', null, '57', '0', '0');
INSERT INTO `job_classes` VALUES ('462', '证券经纪人', null, '57', '0', '0');
INSERT INTO `job_classes` VALUES ('463', '证券分析师', null, '57', '0', '0');
INSERT INTO `job_classes` VALUES ('464', '其他金融职位', null, '58', '0', '0');
INSERT INTO `job_classes` VALUES ('465', '教育产品研发', null, '59', '0', '0');
INSERT INTO `job_classes` VALUES ('466', '课程设计', null, '59', '0', '0');
INSERT INTO `job_classes` VALUES ('467', '课程编辑', null, '59', '0', '0');
INSERT INTO `job_classes` VALUES ('468', '教师', null, '59', '0', '0');
INSERT INTO `job_classes` VALUES ('469', '培训研究', null, '59', '0', '0');
INSERT INTO `job_classes` VALUES ('470', '培训师', null, '59', '0', '0');
INSERT INTO `job_classes` VALUES ('471', '培训策划', null, '59', '0', '0');
INSERT INTO `job_classes` VALUES ('472', '其他教育产品研发职位', null, '59', '0', '0');
INSERT INTO `job_classes` VALUES ('473', '教育行政', null, '60', '0', '0');
INSERT INTO `job_classes` VALUES ('474', '校长', null, '60', '0', '0');
INSERT INTO `job_classes` VALUES ('475', '教务管理', null, '60', '0', '0');
INSERT INTO `job_classes` VALUES ('476', '教学管理', null, '60', '0', '0');
INSERT INTO `job_classes` VALUES ('477', '班主任/辅导员', null, '60', '0', '0');
INSERT INTO `job_classes` VALUES ('478', '日语教师', null, '61', '0', '0');
INSERT INTO `job_classes` VALUES ('479', '其他外语教师', null, '61', '0', '0');
INSERT INTO `job_classes` VALUES ('480', '教师', null, '61', '0', '0');
INSERT INTO `job_classes` VALUES ('481', '助教', null, '61', '0', '0');
INSERT INTO `job_classes` VALUES ('482', '高中教师', null, '61', '0', '0');
INSERT INTO `job_classes` VALUES ('483', '初中教师', null, '61', '0', '0');
INSERT INTO `job_classes` VALUES ('484', '小学教师', null, '61', '0', '0');
INSERT INTO `job_classes` VALUES ('485', '幼教', null, '61', '0', '0');
INSERT INTO `job_classes` VALUES ('486', '理科教师', null, '61', '0', '0');
INSERT INTO `job_classes` VALUES ('487', '文科教师', null, '61', '0', '0');
INSERT INTO `job_classes` VALUES ('488', '英语教师', null, '61', '0', '0');
INSERT INTO `job_classes` VALUES ('489', '音乐教师', null, '61', '0', '0');
INSERT INTO `job_classes` VALUES ('490', '美术教师', null, '61', '0', '0');
INSERT INTO `job_classes` VALUES ('491', '体育教师', null, '61', '0', '0');
INSERT INTO `job_classes` VALUES ('492', '就业老师', null, '61', '0', '0');
INSERT INTO `job_classes` VALUES ('493', 'IT培训', null, '62', '0', '0');
INSERT INTO `job_classes` VALUES ('494', 'JAVA培训讲师', null, '62', '0', '0');
INSERT INTO `job_classes` VALUES ('495', 'Android培训讲师', null, '62', '0', '0');
INSERT INTO `job_classes` VALUES ('496', 'ios培训讲师', null, '62', '0', '0');
INSERT INTO `job_classes` VALUES ('497', 'PHP培训讲师', null, '62', '0', '0');
INSERT INTO `job_classes` VALUES ('498', '.NET培训讲师', null, '62', '0', '0');
INSERT INTO `job_classes` VALUES ('499', 'C++培训讲师', null, '62', '0', '0');
INSERT INTO `job_classes` VALUES ('500', 'Unity 3D培训讲师', null, '62', '0', '0');
INSERT INTO `job_classes` VALUES ('501', 'Web前端培训讲师', null, '62', '0', '0');
INSERT INTO `job_classes` VALUES ('502', '软件测试培训讲师', null, '62', '0', '0');
INSERT INTO `job_classes` VALUES ('503', '动漫培训讲师', null, '62', '0', '0');
INSERT INTO `job_classes` VALUES ('504', 'UI设计培训讲师', null, '62', '0', '0');
INSERT INTO `job_classes` VALUES ('505', '财会培训讲师', null, '63', '0', '0');
INSERT INTO `job_classes` VALUES ('506', 'HR培训讲师', null, '63', '0', '0');
INSERT INTO `job_classes` VALUES ('507', '培训师', null, '63', '0', '0');
INSERT INTO `job_classes` VALUES ('508', '拓展培训', null, '63', '0', '0');
INSERT INTO `job_classes` VALUES ('509', '课程顾问', null, '64', '0', '0');
INSERT INTO `job_classes` VALUES ('510', '招生顾问', null, '64', '0', '0');
INSERT INTO `job_classes` VALUES ('511', '留学顾问', null, '64', '0', '0');
INSERT INTO `job_classes` VALUES ('512', '武术教练', null, '65', '0', '0');
INSERT INTO `job_classes` VALUES ('513', '轮滑教练', null, '65', '0', '0');
INSERT INTO `job_classes` VALUES ('514', '教练', null, '65', '0', '0');
INSERT INTO `job_classes` VALUES ('515', '舞蹈教练', null, '65', '0', '0');
INSERT INTO `job_classes` VALUES ('516', '瑜伽教练', null, '65', '0', '0');
INSERT INTO `job_classes` VALUES ('517', '瘦身顾问', null, '65', '0', '0');
INSERT INTO `job_classes` VALUES ('518', '游泳教练', null, '65', '0', '0');
INSERT INTO `job_classes` VALUES ('519', '健身教练', null, '65', '0', '0');
INSERT INTO `job_classes` VALUES ('520', '篮球/羽毛球教练', null, '65', '0', '0');
INSERT INTO `job_classes` VALUES ('521', '跆拳道教练', null, '65', '0', '0');
INSERT INTO `job_classes` VALUES ('522', '其他教育培训职位', null, '66', '0', '0');
INSERT INTO `job_classes` VALUES ('523', '临床研究', null, '67', '0', '0');
INSERT INTO `job_classes` VALUES ('524', '临床协调', null, '67', '0', '0');
INSERT INTO `job_classes` VALUES ('525', '临床数据分析', null, '67', '0', '0');
INSERT INTO `job_classes` VALUES ('526', '医学总监', null, '67', '0', '0');
INSERT INTO `job_classes` VALUES ('527', '医生助理', null, '68', '0', '0');
INSERT INTO `job_classes` VALUES ('528', '医学影像', null, '68', '0', '0');
INSERT INTO `job_classes` VALUES ('529', 'B超医生', null, '68', '0', '0');
INSERT INTO `job_classes` VALUES ('530', '中医', null, '68', '0', '0');
INSERT INTO `job_classes` VALUES ('531', '医师', null, '68', '0', '0');
INSERT INTO `job_classes` VALUES ('532', '心理医生', null, '68', '0', '0');
INSERT INTO `job_classes` VALUES ('533', '药剂师', null, '68', '0', '0');
INSERT INTO `job_classes` VALUES ('534', '牙科医生', null, '68', '0', '0');
INSERT INTO `job_classes` VALUES ('535', '康复治疗师', null, '68', '0', '0');
INSERT INTO `job_classes` VALUES ('536', '验光师', null, '68', '0', '0');
INSERT INTO `job_classes` VALUES ('537', '放射科医师', null, '68', '0', '0');
INSERT INTO `job_classes` VALUES ('538', '检验科医师', null, '68', '0', '0');
INSERT INTO `job_classes` VALUES ('539', '其他医生职位', null, '68', '0', '0');
INSERT INTO `job_classes` VALUES ('540', '护士长', null, '69', '0', '0');
INSERT INTO `job_classes` VALUES ('541', '护士/护理', null, '69', '0', '0');
INSERT INTO `job_classes` VALUES ('542', '导医', null, '69', '0', '0');
INSERT INTO `job_classes` VALUES ('543', '健康整形', null, '70', '0', '0');
INSERT INTO `job_classes` VALUES ('544', '营养师', null, '70', '0', '0');
INSERT INTO `job_classes` VALUES ('545', '整形师', null, '70', '0', '0');
INSERT INTO `job_classes` VALUES ('546', '理疗师', null, '70', '0', '0');
INSERT INTO `job_classes` VALUES ('547', '针灸推拿', null, '70', '0', '0');
INSERT INTO `job_classes` VALUES ('548', '生物制药', null, '71', '0', '0');
INSERT INTO `job_classes` VALUES ('549', '药品注册', null, '71', '0', '0');
INSERT INTO `job_classes` VALUES ('550', '药品生产', null, '71', '0', '0');
INSERT INTO `job_classes` VALUES ('551', '医学总监', null, '71', '0', '0');
INSERT INTO `job_classes` VALUES ('552', '医药研发', null, '71', '0', '0');
INSERT INTO `job_classes` VALUES ('553', '医疗器械注册', null, '72', '0', '0');
INSERT INTO `job_classes` VALUES ('554', '医疗器械生产/质量管理', null, '72', '0', '0');
INSERT INTO `job_classes` VALUES ('555', '医疗器械研发', null, '72', '0', '0');
INSERT INTO `job_classes` VALUES ('556', '药店店长', null, '73', '0', '0');
INSERT INTO `job_classes` VALUES ('557', '执业药师/驻店药师', null, '73', '0', '0');
INSERT INTO `job_classes` VALUES ('558', '药店店员', null, '73', '0', '0');
INSERT INTO `job_classes` VALUES ('559', '医学营销/媒体', null, '74', '0', '0');
INSERT INTO `job_classes` VALUES ('560', '医疗器械销售', null, '74', '0', '0');
INSERT INTO `job_classes` VALUES ('561', '医学编辑', null, '74', '0', '0');
INSERT INTO `job_classes` VALUES ('562', '药学编辑', null, '74', '0', '0');
INSERT INTO `job_classes` VALUES ('563', '医药代表', null, '74', '0', '0');
INSERT INTO `job_classes` VALUES ('564', '健康顾问', null, '74', '0', '0');
INSERT INTO `job_classes` VALUES ('565', '医美咨询', null, '74', '0', '0');
INSERT INTO `job_classes` VALUES ('566', '其他医疗健康职位', null, '75', '0', '0');
INSERT INTO `job_classes` VALUES ('567', '采购', null, '76', '0', '0');
INSERT INTO `job_classes` VALUES ('568', '采购总监', null, '76', '0', '0');
INSERT INTO `job_classes` VALUES ('569', '采购经理', null, '76', '0', '0');
INSERT INTO `job_classes` VALUES ('570', '采购专员', null, '76', '0', '0');
INSERT INTO `job_classes` VALUES ('571', '买手', null, '76', '0', '0');
INSERT INTO `job_classes` VALUES ('572', '采购工程师', null, '76', '0', '0');
INSERT INTO `job_classes` VALUES ('573', '采购主管', null, '76', '0', '0');
INSERT INTO `job_classes` VALUES ('574', '采购助理', null, '76', '0', '0');
INSERT INTO `job_classes` VALUES ('575', '进出口贸易', null, '77', '0', '0');
INSERT INTO `job_classes` VALUES ('576', '外贸经理', null, '77', '0', '0');
INSERT INTO `job_classes` VALUES ('577', '外贸专员', null, '77', '0', '0');
INSERT INTO `job_classes` VALUES ('578', '外贸业务员', null, '77', '0', '0');
INSERT INTO `job_classes` VALUES ('579', '贸易跟单', null, '77', '0', '0');
INSERT INTO `job_classes` VALUES ('580', '其他采购/贸易类职位', null, '78', '0', '0');
INSERT INTO `job_classes` VALUES ('581', '物流', null, '79', '0', '0');
INSERT INTO `job_classes` VALUES ('582', '供应链专员', null, '79', '0', '0');
INSERT INTO `job_classes` VALUES ('583', '供应链经理', null, '79', '0', '0');
INSERT INTO `job_classes` VALUES ('584', '物流专员', null, '79', '0', '0');
INSERT INTO `job_classes` VALUES ('585', '物流经理', null, '79', '0', '0');
INSERT INTO `job_classes` VALUES ('586', '物流运营', null, '79', '0', '0');
INSERT INTO `job_classes` VALUES ('587', '物流跟单', null, '79', '0', '0');
INSERT INTO `job_classes` VALUES ('588', '贸易跟单', null, '79', '0', '0');
INSERT INTO `job_classes` VALUES ('589', '物仓调度', null, '79', '0', '0');
INSERT INTO `job_classes` VALUES ('590', '物仓项目', null, '79', '0', '0');
INSERT INTO `job_classes` VALUES ('591', '运输经理/主管', null, '79', '0', '0');
INSERT INTO `job_classes` VALUES ('592', '货运代理专员', null, '79', '0', '0');
INSERT INTO `job_classes` VALUES ('593', '货运代理经理', null, '79', '0', '0');
INSERT INTO `job_classes` VALUES ('594', '水/空/陆运操作', null, '79', '0', '0');
INSERT INTO `job_classes` VALUES ('595', '报关员', null, '79', '0', '0');
INSERT INTO `job_classes` VALUES ('596', '报检员', null, '79', '0', '0');
INSERT INTO `job_classes` VALUES ('597', '核销员', null, '79', '0', '0');
INSERT INTO `job_classes` VALUES ('598', '单证员', null, '79', '0', '0');
INSERT INTO `job_classes` VALUES ('599', '仓储', null, '80', '0', '0');
INSERT INTO `job_classes` VALUES ('600', '仓储物料经理', null, '80', '0', '0');
INSERT INTO `job_classes` VALUES ('601', '仓储物料专员', null, '80', '0', '0');
INSERT INTO `job_classes` VALUES ('602', '仓储物料项目', null, '80', '0', '0');
INSERT INTO `job_classes` VALUES ('603', '仓储管理', null, '80', '0', '0');
INSERT INTO `job_classes` VALUES ('604', '仓库文员', null, '80', '0', '0');
INSERT INTO `job_classes` VALUES ('605', '配/理/拣/发货', null, '80', '0', '0');
INSERT INTO `job_classes` VALUES ('606', '运输', null, '81', '0', '0');
INSERT INTO `job_classes` VALUES ('607', '货运司机', null, '81', '0', '0');
INSERT INTO `job_classes` VALUES ('608', '集装箱管理', null, '81', '0', '0');
INSERT INTO `job_classes` VALUES ('609', '配送', null, '81', '0', '0');
INSERT INTO `job_classes` VALUES ('610', '快递', null, '81', '0', '0');
INSERT INTO `job_classes` VALUES ('611', '高端供应链职位', null, '82', '0', '0');
INSERT INTO `job_classes` VALUES ('612', '供应链总监', null, '82', '0', '0');
INSERT INTO `job_classes` VALUES ('613', '物流总监', null, '82', '0', '0');
INSERT INTO `job_classes` VALUES ('614', '其他供应链职位', null, '83', '0', '0');
INSERT INTO `job_classes` VALUES ('615', '房地产规划开发', null, '84', '0', '0');
INSERT INTO `job_classes` VALUES ('616', '房产策划', null, '84', '0', '0');
INSERT INTO `job_classes` VALUES ('617', '地产项目管理', null, '84', '0', '0');
INSERT INTO `job_classes` VALUES ('618', '地产招投标', null, '84', '0', '0');
INSERT INTO `job_classes` VALUES ('619', '弱电工程师', null, '85', '0', '0');
INSERT INTO `job_classes` VALUES ('620', '给排水工程师', null, '85', '0', '0');
INSERT INTO `job_classes` VALUES ('621', '暖通工程师', null, '85', '0', '0');
INSERT INTO `job_classes` VALUES ('622', '幕墙工程师', null, '85', '0', '0');
INSERT INTO `job_classes` VALUES ('623', '软装设计师', null, '85', '0', '0');
INSERT INTO `job_classes` VALUES ('624', '施工员', null, '85', '0', '0');
INSERT INTO `job_classes` VALUES ('625', '测绘/测量', null, '85', '0', '0');
INSERT INTO `job_classes` VALUES ('626', '材料员', null, '85', '0', '0');
INSERT INTO `job_classes` VALUES ('627', 'BIM工程师', null, '85', '0', '0');
INSERT INTO `job_classes` VALUES ('628', '设计装修与市政建设', null, '85', '0', '0');
INSERT INTO `job_classes` VALUES ('629', '高级建筑工程师', null, '85', '0', '0');
INSERT INTO `job_classes` VALUES ('630', '建筑工程师', null, '85', '0', '0');
INSERT INTO `job_classes` VALUES ('631', '建筑设计师', null, '85', '0', '0');
INSERT INTO `job_classes` VALUES ('632', '土木/土建/结构工程师', null, '85', '0', '0');
INSERT INTO `job_classes` VALUES ('633', '室内设计', null, '85', '0', '0');
INSERT INTO `job_classes` VALUES ('634', '园林设计', null, '85', '0', '0');
INSERT INTO `job_classes` VALUES ('635', '城市规划设计', null, '85', '0', '0');
INSERT INTO `job_classes` VALUES ('636', '工程监理', null, '85', '0', '0');
INSERT INTO `job_classes` VALUES ('637', '工程造价', null, '85', '0', '0');
INSERT INTO `job_classes` VALUES ('638', '预结算', null, '85', '0', '0');
INSERT INTO `job_classes` VALUES ('639', '工程资料管理', null, '85', '0', '0');
INSERT INTO `job_classes` VALUES ('640', '建筑施工现场管理', null, '85', '0', '0');
INSERT INTO `job_classes` VALUES ('641', '景观设计', null, '85', '0', '0');
INSERT INTO `job_classes` VALUES ('642', '房地产经纪', null, '86', '0', '0');
INSERT INTO `job_classes` VALUES ('643', '地产置业顾问', null, '86', '0', '0');
INSERT INTO `job_classes` VALUES ('644', '地产评估', null, '86', '0', '0');
INSERT INTO `job_classes` VALUES ('645', '地产中介', null, '86', '0', '0');
INSERT INTO `job_classes` VALUES ('646', '物业维修', null, '87', '0', '0');
INSERT INTO `job_classes` VALUES ('647', '绿化工', null, '87', '0', '0');
INSERT INTO `job_classes` VALUES ('648', '物业管理', null, '87', '0', '0');
INSERT INTO `job_classes` VALUES ('649', '物业租赁销售', null, '87', '0', '0');
INSERT INTO `job_classes` VALUES ('650', '物业招商管理', null, '87', '0', '0');
INSERT INTO `job_classes` VALUES ('651', '高端房地产职位', null, '88', '0', '0');
INSERT INTO `job_classes` VALUES ('652', '地产项目总监', null, '88', '0', '0');
INSERT INTO `job_classes` VALUES ('653', '地产策划总监', null, '88', '0', '0');
INSERT INTO `job_classes` VALUES ('654', '地产招投标总监', null, '88', '0', '0');
INSERT INTO `job_classes` VALUES ('655', '物业总监', null, '88', '0', '0');
INSERT INTO `job_classes` VALUES ('656', '房地产销售总监', null, '88', '0', '0');
INSERT INTO `job_classes` VALUES ('657', '其他房地产职位', null, '89', '0', '0');
INSERT INTO `job_classes` VALUES ('658', '咨询/调研', null, '90', '0', '0');
INSERT INTO `job_classes` VALUES ('659', '企业管理咨询', null, '90', '0', '0');
INSERT INTO `job_classes` VALUES ('660', '数据分析师', null, '90', '0', '0');
INSERT INTO `job_classes` VALUES ('661', '财务咨询顾问', null, '90', '0', '0');
INSERT INTO `job_classes` VALUES ('662', 'IT咨询顾问', null, '90', '0', '0');
INSERT INTO `job_classes` VALUES ('663', '人力资源顾问', null, '90', '0', '0');
INSERT INTO `job_classes` VALUES ('664', '咨询项目管理', null, '90', '0', '0');
INSERT INTO `job_classes` VALUES ('665', '战略咨询', null, '90', '0', '0');
INSERT INTO `job_classes` VALUES ('666', '猎头顾问', null, '90', '0', '0');
INSERT INTO `job_classes` VALUES ('667', '市场调研', null, '90', '0', '0');
INSERT INTO `job_classes` VALUES ('668', '其他咨询顾问', null, '90', '0', '0');
INSERT INTO `job_classes` VALUES ('669', '知识产权', null, '91', '0', '0');
INSERT INTO `job_classes` VALUES ('670', '事务所律师', null, '91', '0', '0');
INSERT INTO `job_classes` VALUES ('671', '公司法务', null, '91', '0', '0');
INSERT INTO `job_classes` VALUES ('672', '英语翻译', null, '92', '0', '0');
INSERT INTO `job_classes` VALUES ('673', '日语翻译', null, '92', '0', '0');
INSERT INTO `job_classes` VALUES ('674', '韩语/朝鲜语翻译', null, '92', '0', '0');
INSERT INTO `job_classes` VALUES ('675', '法语翻译', null, '92', '0', '0');
INSERT INTO `job_classes` VALUES ('676', '德语翻译', null, '92', '0', '0');
INSERT INTO `job_classes` VALUES ('677', '俄语翻译', null, '92', '0', '0');
INSERT INTO `job_classes` VALUES ('678', '西班牙语翻译', null, '92', '0', '0');
INSERT INTO `job_classes` VALUES ('679', '其他语种翻译', null, '92', '0', '0');
INSERT INTO `job_classes` VALUES ('680', '高端咨询类职位', null, '93', '0', '0');
INSERT INTO `job_classes` VALUES ('681', '咨询总监', null, '93', '0', '0');
INSERT INTO `job_classes` VALUES ('682', '咨询经理', null, '93', '0', '0');
INSERT INTO `job_classes` VALUES ('683', '高级翻译', null, '93', '0', '0');
INSERT INTO `job_classes` VALUES ('684', '同声传译', null, '93', '0', '0');
INSERT INTO `job_classes` VALUES ('685', '其他咨询/翻译类职位', null, '94', '0', '0');
INSERT INTO `job_classes` VALUES ('686', '旅游服务', null, '95', '0', '0');
INSERT INTO `job_classes` VALUES ('687', '计调', null, '95', '0', '0');
INSERT INTO `job_classes` VALUES ('688', '签证', null, '95', '0', '0');
INSERT INTO `job_classes` VALUES ('689', '旅游顾问', null, '95', '0', '0');
INSERT INTO `job_classes` VALUES ('690', '导游', null, '95', '0', '0');
INSERT INTO `job_classes` VALUES ('691', '预定票务', null, '95', '0', '0');
INSERT INTO `job_classes` VALUES ('692', '旅游产品开发/策划', null, '96', '0', '0');
INSERT INTO `job_classes` VALUES ('693', '旅游产品经理', null, '96', '0', '0');
INSERT INTO `job_classes` VALUES ('694', '旅游策划师', null, '96', '0', '0');
INSERT INTO `job_classes` VALUES ('695', '其他旅游职位', null, '97', '0', '0');
INSERT INTO `job_classes` VALUES ('696', '保安', null, '98', '0', '0');
INSERT INTO `job_classes` VALUES ('697', '保洁', null, '98', '0', '0');
INSERT INTO `job_classes` VALUES ('698', '保姆', null, '98', '0', '0');
INSERT INTO `job_classes` VALUES ('699', '月嫂', null, '98', '0', '0');
INSERT INTO `job_classes` VALUES ('700', '育婴师', null, '98', '0', '0');
INSERT INTO `job_classes` VALUES ('701', '护工', null, '98', '0', '0');
INSERT INTO `job_classes` VALUES ('702', '安检员', null, '98', '0', '0');
INSERT INTO `job_classes` VALUES ('703', '手机维修', null, '98', '0', '0');
INSERT INTO `job_classes` VALUES ('704', '家电维修', null, '98', '0', '0');
INSERT INTO `job_classes` VALUES ('705', '保安经理', null, '98', '0', '0');
INSERT INTO `job_classes` VALUES ('706', '宠物美容', null, '99', '0', '0');
INSERT INTO `job_classes` VALUES ('707', '宠物医生', null, '99', '0', '0');
INSERT INTO `job_classes` VALUES ('708', '花艺师', null, '100', '0', '0');
INSERT INTO `job_classes` VALUES ('709', '婚礼策划师', null, '100', '0', '0');
INSERT INTO `job_classes` VALUES ('710', '彩妆顾问', null, '101', '0', '0');
INSERT INTO `job_classes` VALUES ('711', '纹绣师', null, '101', '0', '0');
INSERT INTO `job_classes` VALUES ('712', '美体师', null, '101', '0', '0');
INSERT INTO `job_classes` VALUES ('713', '美发学徒', null, '101', '0', '0');
INSERT INTO `job_classes` VALUES ('714', '美容店长', null, '101', '0', '0');
INSERT INTO `job_classes` VALUES ('715', '足疗师', null, '101', '0', '0');
INSERT INTO `job_classes` VALUES ('716', '按摩师', null, '101', '0', '0');
INSERT INTO `job_classes` VALUES ('717', '发型师', null, '101', '0', '0');
INSERT INTO `job_classes` VALUES ('718', '美甲师', null, '101', '0', '0');
INSERT INTO `job_classes` VALUES ('719', '化妆师', null, '101', '0', '0');
INSERT INTO `job_classes` VALUES ('720', '美容师/顾问', null, '101', '0', '0');
INSERT INTO `job_classes` VALUES ('721', '礼仪迎宾', null, '102', '0', '0');
INSERT INTO `job_classes` VALUES ('722', '前厅经理', null, '102', '0', '0');
INSERT INTO `job_classes` VALUES ('723', '客房经理', null, '102', '0', '0');
INSERT INTO `job_classes` VALUES ('724', '收银', null, '102', '0', '0');
INSERT INTO `job_classes` VALUES ('725', '酒店前台', null, '102', '0', '0');
INSERT INTO `job_classes` VALUES ('726', '客房服务员', null, '102', '0', '0');
INSERT INTO `job_classes` VALUES ('727', '酒店经理', null, '102', '0', '0');
INSERT INTO `job_classes` VALUES ('728', '后厨', null, '103', '0', '0');
INSERT INTO `job_classes` VALUES ('729', '配菜打荷', null, '103', '0', '0');
INSERT INTO `job_classes` VALUES ('730', '茶艺师', null, '103', '0', '0');
INSERT INTO `job_classes` VALUES ('731', '西点师', null, '103', '0', '0');
INSERT INTO `job_classes` VALUES ('732', '餐饮学徒', null, '103', '0', '0');
INSERT INTO `job_classes` VALUES ('733', '面点师', null, '103', '0', '0');
INSERT INTO `job_classes` VALUES ('734', '行政总厨', null, '103', '0', '0');
INSERT INTO `job_classes` VALUES ('735', '厨师长', null, '103', '0', '0');
INSERT INTO `job_classes` VALUES ('736', '传菜员', null, '103', '0', '0');
INSERT INTO `job_classes` VALUES ('737', '洗碗工', null, '103', '0', '0');
INSERT INTO `job_classes` VALUES ('738', '凉菜厨师', null, '103', '0', '0');
INSERT INTO `job_classes` VALUES ('739', '中餐厨师', null, '103', '0', '0');
INSERT INTO `job_classes` VALUES ('740', '西餐厨师', null, '103', '0', '0');
INSERT INTO `job_classes` VALUES ('741', '日式厨师', null, '103', '0', '0');
INSERT INTO `job_classes` VALUES ('742', '烧烤师傅', null, '103', '0', '0');
INSERT INTO `job_classes` VALUES ('743', '餐饮', null, '103', '0', '0');
INSERT INTO `job_classes` VALUES ('744', '收银', null, '103', '0', '0');
INSERT INTO `job_classes` VALUES ('745', '服务员', null, '103', '0', '0');
INSERT INTO `job_classes` VALUES ('746', '厨师', null, '103', '0', '0');
INSERT INTO `job_classes` VALUES ('747', '咖啡师', null, '103', '0', '0');
INSERT INTO `job_classes` VALUES ('748', '送餐员', null, '103', '0', '0');
INSERT INTO `job_classes` VALUES ('749', '餐饮店长', null, '103', '0', '0');
INSERT INTO `job_classes` VALUES ('750', '领班', null, '103', '0', '0');
INSERT INTO `job_classes` VALUES ('751', '督导/巡店', null, '104', '0', '0');
INSERT INTO `job_classes` VALUES ('752', '陈列员', null, '104', '0', '0');
INSERT INTO `job_classes` VALUES ('753', '理货员', null, '104', '0', '0');
INSERT INTO `job_classes` VALUES ('754', '防损员', null, '104', '0', '0');
INSERT INTO `job_classes` VALUES ('755', '卖场经理', null, '104', '0', '0');
INSERT INTO `job_classes` VALUES ('756', '收银', null, '104', '0', '0');
INSERT INTO `job_classes` VALUES ('757', '导购', null, '104', '0', '0');
INSERT INTO `job_classes` VALUES ('758', '店员/营业员', null, '104', '0', '0');
INSERT INTO `job_classes` VALUES ('759', '门店店长', null, '104', '0', '0');
INSERT INTO `job_classes` VALUES ('760', '会籍顾问', null, '105', '0', '0');
INSERT INTO `job_classes` VALUES ('761', '救生员', null, '105', '0', '0');
INSERT INTO `job_classes` VALUES ('762', '健身', null, '105', '0', '0');
INSERT INTO `job_classes` VALUES ('763', '瑜伽教练', null, '105', '0', '0');
INSERT INTO `job_classes` VALUES ('764', '瘦身顾问', null, '105', '0', '0');
INSERT INTO `job_classes` VALUES ('765', '游泳教练', null, '105', '0', '0');
INSERT INTO `job_classes` VALUES ('766', '美体教练', null, '105', '0', '0');
INSERT INTO `job_classes` VALUES ('767', '舞蹈教练', null, '105', '0', '0');
INSERT INTO `job_classes` VALUES ('768', '健身教练', null, '105', '0', '0');
INSERT INTO `job_classes` VALUES ('769', '其他服务业职位', null, '106', '0', '0');
INSERT INTO `job_classes` VALUES ('770', '生产营运', null, '107', '0', '0');
INSERT INTO `job_classes` VALUES ('771', '厂长/工厂经理', null, '107', '0', '0');
INSERT INTO `job_classes` VALUES ('772', '生产总监', null, '107', '0', '0');
INSERT INTO `job_classes` VALUES ('773', '生产经理/车间主任', null, '107', '0', '0');
INSERT INTO `job_classes` VALUES ('774', '生产组长/拉长', null, '107', '0', '0');
INSERT INTO `job_classes` VALUES ('775', '生产员', null, '107', '0', '0');
INSERT INTO `job_classes` VALUES ('776', '生产设备管理', null, '107', '0', '0');
INSERT INTO `job_classes` VALUES ('777', '生产计划/物料控制', null, '107', '0', '0');
INSERT INTO `job_classes` VALUES ('778', '生产跟单', null, '107', '0', '0');
INSERT INTO `job_classes` VALUES ('779', '质检员', null, '108', '0', '0');
INSERT INTO `job_classes` VALUES ('780', '质量管理/测试', null, '108', '0', '0');
INSERT INTO `job_classes` VALUES ('781', '可靠度工程师', null, '108', '0', '0');
INSERT INTO `job_classes` VALUES ('782', '故障分析师', null, '108', '0', '0');
INSERT INTO `job_classes` VALUES ('783', '认证工程师', null, '108', '0', '0');
INSERT INTO `job_classes` VALUES ('784', '体系工程师', null, '108', '0', '0');
INSERT INTO `job_classes` VALUES ('785', '审核员', null, '108', '0', '0');
INSERT INTO `job_classes` VALUES ('786', '安全员', null, '108', '0', '0');
INSERT INTO `job_classes` VALUES ('787', '汽车质量工程师', null, '108', '0', '0');
INSERT INTO `job_classes` VALUES ('788', '电池工程师', null, '109', '0', '0');
INSERT INTO `job_classes` VALUES ('789', '电机工程师', null, '109', '0', '0');
INSERT INTO `job_classes` VALUES ('790', '线束设计', null, '109', '0', '0');
INSERT INTO `job_classes` VALUES ('791', '充电桩设计', null, '109', '0', '0');
INSERT INTO `job_classes` VALUES ('792', '汽车设计', null, '110', '0', '0');
INSERT INTO `job_classes` VALUES ('793', '车身/造型设计', null, '110', '0', '0');
INSERT INTO `job_classes` VALUES ('794', '底盘工程师', null, '110', '0', '0');
INSERT INTO `job_classes` VALUES ('795', '动力系统工程师', null, '110', '0', '0');
INSERT INTO `job_classes` VALUES ('796', '汽车电子工程师', null, '110', '0', '0');
INSERT INTO `job_classes` VALUES ('797', '汽车零部件设计', null, '110', '0', '0');
INSERT INTO `job_classes` VALUES ('798', '汽车项目管理', null, '110', '0', '0');
INSERT INTO `job_classes` VALUES ('799', '内外饰设计工程师', null, '110', '0', '0');
INSERT INTO `job_classes` VALUES ('800', '总装工程师', null, '110', '0', '0');
INSERT INTO `job_classes` VALUES ('801', '汽车销售', null, '111', '0', '0');
INSERT INTO `job_classes` VALUES ('802', '汽车配件销售', null, '111', '0', '0');
INSERT INTO `job_classes` VALUES ('803', '汽车服务顾问', null, '111', '0', '0');
INSERT INTO `job_classes` VALUES ('804', '汽车维修', null, '111', '0', '0');
INSERT INTO `job_classes` VALUES ('805', '汽车美容', null, '111', '0', '0');
INSERT INTO `job_classes` VALUES ('806', '汽车定损理赔', null, '111', '0', '0');
INSERT INTO `job_classes` VALUES ('807', '二手车评估师', null, '111', '0', '0');
INSERT INTO `job_classes` VALUES ('808', '4S店店长/维修站长', null, '111', '0', '0');
INSERT INTO `job_classes` VALUES ('809', '汽车改装工程师', null, '111', '0', '0');
INSERT INTO `job_classes` VALUES ('810', '机械设计/制造', null, '112', '0', '0');
INSERT INTO `job_classes` VALUES ('811', '热传导', null, '112', '0', '0');
INSERT INTO `job_classes` VALUES ('812', '精益工程师', null, '112', '0', '0');
INSERT INTO `job_classes` VALUES ('813', '机械工程师', null, '112', '0', '0');
INSERT INTO `job_classes` VALUES ('814', '机械设计师', null, '112', '0', '0');
INSERT INTO `job_classes` VALUES ('815', '机械设备工程师', null, '112', '0', '0');
INSERT INTO `job_classes` VALUES ('816', '机械维修/保养', null, '112', '0', '0');
INSERT INTO `job_classes` VALUES ('817', '机械制图', null, '112', '0', '0');
INSERT INTO `job_classes` VALUES ('818', '机械结构工程师', null, '112', '0', '0');
INSERT INTO `job_classes` VALUES ('819', '工业工程师', null, '112', '0', '0');
INSERT INTO `job_classes` VALUES ('820', '工艺/制程工程师', null, '112', '0', '0');
INSERT INTO `job_classes` VALUES ('821', '材料工程师', null, '112', '0', '0');
INSERT INTO `job_classes` VALUES ('822', '机电工程师', null, '112', '0', '0');
INSERT INTO `job_classes` VALUES ('823', 'CNC/数控', null, '112', '0', '0');
INSERT INTO `job_classes` VALUES ('824', '冲压工程师', null, '112', '0', '0');
INSERT INTO `job_classes` VALUES ('825', '夹具工程师', null, '112', '0', '0');
INSERT INTO `job_classes` VALUES ('826', '模具工程师', null, '112', '0', '0');
INSERT INTO `job_classes` VALUES ('827', '焊接工程师', null, '112', '0', '0');
INSERT INTO `job_classes` VALUES ('828', '注塑工程师', null, '112', '0', '0');
INSERT INTO `job_classes` VALUES ('829', '铸造/锻造工程师', null, '112', '0', '0');
INSERT INTO `job_classes` VALUES ('830', '化工工程师', null, '113', '0', '0');
INSERT INTO `job_classes` VALUES ('831', '实验室技术员', null, '113', '0', '0');
INSERT INTO `job_classes` VALUES ('832', '化学分析', null, '113', '0', '0');
INSERT INTO `job_classes` VALUES ('833', '涂料研发', null, '113', '0', '0');
INSERT INTO `job_classes` VALUES ('834', '化妆品研发', null, '113', '0', '0');
INSERT INTO `job_classes` VALUES ('835', '食品/饮料研发', null, '113', '0', '0');
INSERT INTO `job_classes` VALUES ('836', '服装/纺织设计', null, '114', '0', '0');
INSERT INTO `job_classes` VALUES ('837', '面料辅料开发', null, '114', '0', '0');
INSERT INTO `job_classes` VALUES ('838', '打样/制版', null, '114', '0', '0');
INSERT INTO `job_classes` VALUES ('839', '服装/纺织/皮革跟单', null, '114', '0', '0');
INSERT INTO `job_classes` VALUES ('840', '缝纫工', null, '115', '0', '0');
INSERT INTO `job_classes` VALUES ('841', '搬运工', null, '115', '0', '0');
INSERT INTO `job_classes` VALUES ('842', '普工/操作工', null, '115', '0', '0');
INSERT INTO `job_classes` VALUES ('843', '叉车', null, '115', '0', '0');
INSERT INTO `job_classes` VALUES ('844', '铲车', null, '115', '0', '0');
INSERT INTO `job_classes` VALUES ('845', '焊工', null, '115', '0', '0');
INSERT INTO `job_classes` VALUES ('846', '氩弧焊工', null, '115', '0', '0');
INSERT INTO `job_classes` VALUES ('847', '电工', null, '115', '0', '0');
INSERT INTO `job_classes` VALUES ('848', '木工', null, '115', '0', '0');
INSERT INTO `job_classes` VALUES ('849', '漆工', null, '115', '0', '0');
INSERT INTO `job_classes` VALUES ('850', '车工', null, '115', '0', '0');
INSERT INTO `job_classes` VALUES ('851', '磨工', null, '115', '0', '0');
INSERT INTO `job_classes` VALUES ('852', '铣工', null, '115', '0', '0');
INSERT INTO `job_classes` VALUES ('853', '钳工', null, '115', '0', '0');
INSERT INTO `job_classes` VALUES ('854', '钻工', null, '115', '0', '0');
INSERT INTO `job_classes` VALUES ('855', '铆工', null, '115', '0', '0');
INSERT INTO `job_classes` VALUES ('856', '钣金', null, '115', '0', '0');
INSERT INTO `job_classes` VALUES ('857', '抛光', null, '115', '0', '0');
INSERT INTO `job_classes` VALUES ('858', '机修工', null, '115', '0', '0');
INSERT INTO `job_classes` VALUES ('859', '折弯工', null, '115', '0', '0');
INSERT INTO `job_classes` VALUES ('860', '电镀工', null, '115', '0', '0');
INSERT INTO `job_classes` VALUES ('861', '喷塑工', null, '115', '0', '0');
INSERT INTO `job_classes` VALUES ('862', '注塑工', null, '115', '0', '0');
INSERT INTO `job_classes` VALUES ('863', '组装工', null, '115', '0', '0');
INSERT INTO `job_classes` VALUES ('864', '包装工', null, '115', '0', '0');
INSERT INTO `job_classes` VALUES ('865', '空调工', null, '115', '0', '0');
INSERT INTO `job_classes` VALUES ('866', '电梯工', null, '115', '0', '0');
INSERT INTO `job_classes` VALUES ('867', '锅炉工', null, '115', '0', '0');
INSERT INTO `job_classes` VALUES ('868', '学徒工', null, '115', '0', '0');
INSERT INTO `job_classes` VALUES ('869', '其他生产制造职位', null, '116', '0', '0');
