-- phpMyAdmin SQL Dump
-- version 4.8.3
-- https://www.phpmyadmin.net/
--
-- 主机： localhost
-- 生成日期： 2020-06-01 15:55:15
-- 服务器版本： 5.7.24
-- PHP 版本： 7.1.23

SET SQL_MODE = "NO_AUTO_VALUE_ON_ZERO";
SET AUTOCOMMIT = 0;
START TRANSACTION;
SET time_zone = "+00:00";


/*!40101 SET @OLD_CHARACTER_SET_CLIENT=@@CHARACTER_SET_CLIENT */;
/*!40101 SET @OLD_CHARACTER_SET_RESULTS=@@CHARACTER_SET_RESULTS */;
/*!40101 SET @OLD_COLLATION_CONNECTION=@@COLLATION_CONNECTION */;
/*!40101 SET NAMES utf8mb4 */;

--
-- 数据库： `graduation_project`
--

-- --------------------------------------------------------

--
-- 表的结构 `admin`
--

CREATE TABLE `admin` (
  `admin_id` int(11) NOT NULL,
  `admin_username` varchar(50) NOT NULL,
  `admin_password` varchar(50) NOT NULL
) ENGINE=InnoDB DEFAULT CHARSET=utf8;

--
-- 转存表中的数据 `admin`
--

INSERT INTO `admin` (`admin_id`, `admin_username`, `admin_password`) VALUES
(1, 'admin', '123456');

-- --------------------------------------------------------

--
-- 表的结构 `chat`
--

CREATE TABLE `chat` (
  `chat_id` int(11) NOT NULL,
  `js_id` int(11) NOT NULL,
  `re_id` int(11) NOT NULL,
  `job_id` int(11) NOT NULL,
  `chat_content` text,
  `chat_send_time` datetime NOT NULL,
  `is_js_send` tinyint(4) NOT NULL DEFAULT '0' COMMENT '0:js方为接收者;1:js方为发送者',
  `is_read` tinyint(4) NOT NULL DEFAULT '0' COMMENT '0为未读，1为已读'
) ENGINE=InnoDB DEFAULT CHARSET=utf8;

--
-- 转存表中的数据 `chat`
--

INSERT INTO `chat` (`chat_id`, `js_id`, `re_id`, `job_id`, `chat_content`, `chat_send_time`, `is_js_send`, `is_read`) VALUES
(1, 23, 6, 12, '123456', '2020-05-10 11:36:31', 1, 1),
(2, 23, 6, 12, 'sahdjkah', '2020-05-10 11:36:53', 0, 0);

-- --------------------------------------------------------

--
-- 表的结构 `child_classes`
--

CREATE TABLE `child_classes` (
  `child_classes_id` int(4) NOT NULL,
  `child_classes_name` varchar(20) DEFAULT NULL,
  `classes_id` int(4) DEFAULT NULL
) ENGINE=MyISAM DEFAULT CHARSET=utf8;

--
-- 转存表中的数据 `child_classes`
--

INSERT INTO `child_classes` (`child_classes_id`, `child_classes_name`, `classes_id`) VALUES
(1, '后端开发', 1),
(2, '移动开发', 1),
(3, '测试', 1),
(4, '运维/技术支持', 1),
(5, '数据', 1),
(6, '项目管理', 1),
(7, '硬件开发', 1),
(8, '前端开发', 1),
(9, '通信', 1),
(10, '电子/半导体', 1),
(11, '高端技术职位', 1),
(12, '人工智能', 1),
(13, '销售技术支持', 1),
(14, '其他技术职位', 1),
(15, '产品经理', 2),
(16, '高端产品职位', 2),
(17, '其他产品职位', 2),
(18, '视觉设计', 3),
(19, '交互设计', 3),
(20, '用户研究', 3),
(21, '高端设计职位', 3),
(22, '非视觉设计', 3),
(23, '其他设计职位', 3),
(24, '运营', 4),
(25, '编辑', 4),
(26, '客服', 4),
(27, '高端运营职位', 4),
(28, '其他运营职位', 4),
(29, '政府事务', 5),
(30, '市场/营销', 5),
(31, '公关媒介', 5),
(32, '会务会展', 5),
(33, '广告', 5),
(34, '高端市场职位', 5),
(35, '其他市场职位', 5),
(36, '人力资源', 6),
(37, '行政', 6),
(38, '财务', 6),
(39, '法务', 6),
(40, '其他职能职位', 6),
(41, '高级管理职位', 7),
(42, '销售', 8),
(43, '销售管理', 8),
(44, '其他销售职位', 8),
(45, '采编/写作/出版', 9),
(46, '公关媒介', 9),
(47, '会务会展', 9),
(48, '广告', 9),
(49, '影视媒体', 9),
(50, '其他传媒职位', 9),
(51, '投融资', 10),
(52, '风控', 10),
(53, '税务审计', 10),
(54, '银行', 10),
(55, '互联网金融', 10),
(56, '保险', 10),
(57, '证券', 10),
(58, '其他金融职位', 10),
(59, '教育产品研发', 11),
(60, '教育行政', 11),
(61, '教师', 11),
(62, 'IT培训', 11),
(63, '职业培训', 11),
(64, '招生', 11),
(65, '教练', 11),
(66, '其他教育培训职位', 11),
(67, '临床试验', 12),
(68, '医生/医技', 12),
(69, '护士/护理', 12),
(70, '健康整形', 12),
(71, '生物制药', 12),
(72, '医疗器械', 12),
(73, '药店', 12),
(74, '医学营销/媒体', 12),
(75, '其他医疗健康职位', 12),
(76, '采购', 13),
(77, '进出口贸易', 13),
(78, '其他采购/贸易职位', 13),
(79, '物流', 14),
(80, '仓储', 14),
(81, '运输', 14),
(82, '高端供应链职位', 14),
(83, '其他供应链职位', 14),
(84, '房地产规划开发', 15),
(85, '设计装修与市政建设', 15),
(86, '房地产经纪', 15),
(87, '物业管理', 15),
(88, '高端房地产职位', 15),
(89, '其他房地产职位', 15),
(90, '咨询/调研', 16),
(91, '律师', 16),
(92, '翻译', 16),
(93, '高端咨询类职位', 16),
(94, '其他咨询类职位', 16),
(95, '旅游服务', 17),
(96, '旅游产品开发/策划', 17),
(97, '其他旅游职位', 17),
(98, '安保/家政/维修', 18),
(99, '宠物服务', 18),
(100, '婚礼/花艺', 18),
(101, '美容保健', 18),
(102, '酒店', 18),
(103, '餐饮', 18),
(104, '零售', 18),
(105, '运动健身', 18),
(106, '其他服务业职位', 18),
(107, '生产营运', 19),
(108, '质量安全', 19),
(109, '新能源', 19),
(110, '汽车制造', 19),
(111, '汽车销售与服务', 19),
(112, '机械设计/制造', 19),
(113, '化工', 19),
(114, '服装/纺织/皮革', 19),
(115, '技工/普工', 19),
(116, '其他生产制造职位', 19);

-- --------------------------------------------------------

--
-- 表的结构 `classes`
--

CREATE TABLE `classes` (
  `classes_id` int(4) NOT NULL,
  `classes_name` varchar(20) DEFAULT NULL
) ENGINE=MyISAM DEFAULT CHARSET=utf8;

--
-- 转存表中的数据 `classes`
--

INSERT INTO `classes` (`classes_id`, `classes_name`) VALUES
(1, '技术'),
(2, '产品'),
(3, '设计'),
(4, '运营'),
(5, '市场'),
(6, '人事'),
(7, '高级管理'),
(8, '销售'),
(9, '媒体'),
(10, '金融'),
(11, '教育培训'),
(12, '医疗健康'),
(13, '采购贸易'),
(14, '供应链/物流'),
(15, '房地产/建筑'),
(16, '咨询/翻译/法律'),
(17, '旅游'),
(18, '服务业'),
(19, '生产制造');

-- --------------------------------------------------------

--
-- 表的结构 `company`
--

CREATE TABLE `company` (
  `company_id` int(11) NOT NULL,
  `company_name` varchar(50) NOT NULL,
  `company_head_img` varchar(255) DEFAULT NULL,
  `company_detail` text,
  `industry` varchar(50) NOT NULL,
  `finan_condition` tinyint(4) NOT NULL,
  `size_condition` tinyint(4) NOT NULL,
  `company_tags` varchar(255) DEFAULT NULL
) ENGINE=InnoDB DEFAULT CHARSET=utf8;

--
-- 转存表中的数据 `company`
--

INSERT INTO `company` (`company_id`, `company_name`, `company_head_img`, `company_detail`, `industry`, `finan_condition`, `size_condition`, `company_tags`) VALUES
(1, '视源股份(CVTE)', 'f5e9b22249ccbf8c2d105ed25cfd295abe1bd4a3bd2a63f070bdbdada9aad826.jpg', '广州视源（简称CVTE）成立于2005年12月，A股上市公司。\r\nCVTE的产品技术广泛应用在生活、教育、企业、医疗等多个领域：每年全球在售电视机约有三分之一在使用CVTE提供的核心部件，中国学校每七间教室至少一间在用希沃（seewo）上课，企业会议室在用MAXHUB开会，医院病房在用希科（XICOO）的医疗产品……从创立至今，CVTE始终致力于提升电子产品的互动体验，为用户提供更加丰富、高效的沟通方式。\r\n了解更多详情请至视源股份官网：www.cvte.com', '电子/半导体/集成电路', 7, 5, '包吃,交通补助,节日福利,年终奖,零食下午茶,股票期权'),
(2, '视睿科技', 'abc84928faa2a8042e0c2da644949261.jpg', '广州视睿电子科技有限公司成立于 2008 年，隶属于全球知名的以显控技术为核心的智能交互解决方案提供商视源股份 CVTE（股票代码 002841），总部位于广州科学城，营销服务遍及全球。视源股份目前总人数超过4700人，约60%为技术人员，员工平均年龄约为29岁。公司把人才作为企业发展的动力源泉，非常重视人才的选、育、用、留。视源股份设立了完备的培养机制以帮助每位新成员快速成长，包括基础素质培训、专业技能培训、岗位培训和管理素质培训等，帮助企业员工全方位提升综合素质。\r\n公司十分重视对核心技术的保护，截至2019年7月31日，公司已拥有授权专利超过3500件，拥有计算机软件著作权、作品著作权超过1000项。视源股份已成为首批国家制造业双创试点企业、国家高新技术企业、国家知识产权示范企业；并入选2019年《财富》中国500强、2018年中国制造业500强、2018年中国电子信息行业百强、2018中国企业创新能力100强等，同时也是海关AEO高级认证企业。\r\n希沃是一个朝气蓬勃而不失严谨沉稳的年轻团队。 我们同时具备理想主义和实干主义的特质，怀着共同的梦想和信念，富有激情，勇于创新，孜孜不倦地追求完美。这也是希沃品牌持续发展的重要动力。\r\n视睿科技认为企业作为社会的细胞组织有义务为社会的进步与发展做出相应的贡献。我们致力于以实际行动履行企业公民的责任，持续为此类活动贡献自身的力量，实现对社会的回馈，并持之以恒地追求人类社会与文化的长期进步与共同繁荣。\r\n希望工程 我们通过长期支持教育事业来传播社会责任的火种与希望。视睿科技认为教育事业事关人类未来，并通过支持教育基础设施建设，为偏远地区创造信息化的学习环境，缩小教育装备差距，助力教育信息化事业与教育公平。\r\n员工关爱 视睿科技认为企业组织最直接的社会责任是通过自身持续发展壮大，为社区贡献更多稳定的就业机会，改善员工及其家人生活，全面提升其工作技能、文化知识和综合素养。 视睿科技倡导“家文化”，让所有员工共享企业成长与发展的成果。每年春暖花开之际公司为新人举行盛大的集体婚礼，并组织邀请员工及其父母参与公司集体健康体检和旅游。\r\n如亲情般的纽带联接着所有视睿人共同朝着同一个目标前进——因为我们的存在，让更多人生活幸福，事业有成。', '智能硬件', 7, 5, '交通补助,年终奖,零食下午茶,补充医疗保险,通讯补助'),
(3, '阿里巴巴集团', 'cff98890aeac18b0f4dee3577d92d543be1bd4a3bd2a63f070bdbdada9aad826.jpg', '阿里巴巴集团的使命是让天下没有难做的生意。\r\n我们旨在赋能企业改变营销、销售和经营的方式。我们为商家、品牌及其他企业提供基本的互联网基础设施以及营销平台，让其可借助互联网的力量与用户和客户互动。我们的业务包括核心电商、云计算、数字媒体和娱乐以及创新项目和其他业务。我们并通过子公司菜鸟网络及所投资的关联公司口碑，参与物流和本地服务行业，同时与蚂蚁金融服务集团有战略合作，该金融服务集团主要通过中国领先的第三方网上支付平台支付宝运营。\r\n\r\n我们的愿景\r\n我们旨在构建未来的商务生态系统。我们的愿景是让客户相会、工作和生活在阿里巴巴，并持续发展最少102年。', '互联网', 8, 6, '五险一金,保险,定期体检,节日福利,年终奖,股票期权'),
(4, '酷狗音乐', '470bca846d998daa7dd9427b9a393683be1bd4a3bd2a63f070bdbdada9aad826.jpg', '酷狗音乐成立于2004年，是中国极具技术创新基因的数字音乐交互服务提供商，互联网技术创新的领军企业，致力于为互联网用户和数字音乐产业发展提供完善的解决方案。', '互联网', 7, 5, '股票期权,餐补,零食下午茶,五险一金,定期体检'),
(5, '远信控股有限公司', 'c7de0cb6d1b20b8a8088461a061af90438349fe5f8a8f03f3e53cfa1818e8459_s.jpg', '远信集团成立于2005年3月，坐落于广州地标性建筑-保利·天幕广场，集研发、生产、销售、服务于一体的综合性科技型美业集团，致力于打造美业生态链，集团官网：http://www.lansee.net，集团业务包含以下三大模块：\r\n\r\n一、远想（医美模块）\r\n1）伊肤泉——引领医美未来，成为行业翘楚，官网：http://www.evech.com\r\n2）瑞恩诗——北欧女神针，活肌聚能素\r\n3）仙诺德——童颜水凝针，初老回颜术\r\n4）柚伊俏——为广大爱美女生提供轻奢、潮流的医疗美容定制服务\r\n5）翊品——开启中国医美，线性微整新纪元\r\n6）妈妈的爱EPT ——源于自体，追求自然、安全\r\n\r\n二、柚子舍（零售电商模块）\r\n1）柚子舍——打造高品质的柚子个人护理，成为一种健康时尚生活方式，天猫店链接：http://youzishe.tmall.com\r\n2）无敏氏——成为敏感肌护理NO.1，淘宝店链接：https://shop542692300.taobao.com\r\n3）高小湿——致力成为简单高浓的国货典范，淘宝店链接：：https://shop434383976.taobao.com\r\n4）伊肤泉TP ——线上“医美级”护肤品领导者，天猫店：https://evecharm.tmall.com，淘宝店链接：https://shop130448421.taobao.com\r\n\r\n三、俏猫（美业O2O模块）\r\n1）俏猫APP ——改变人们获得美容服务的模式，成为上门美业O2O的领导者\r\n2）美星社——中国轻医美第一微创业服务平台，微信公众号“美星社”\r\n3）中国化妆师联合会(CMA) ——大中华地区首个以化妆师为行业主体的化妆行业组织', '医疗/护理/卫生', 8, 4, '零食下午茶,五险一金,节日福利,定期体检,交通补助'),
(6, '腾讯互娱', '1361c7e773d91b4c5f26ba77191240b72bb49293506fad83456d2dd00e946cfe.png', '腾讯互动娱乐，全球领先的综合互动娱乐服务品牌，旗下涵盖腾讯游戏、腾讯文学、腾讯动漫等多个互动娱乐业务平台，致力为用户提供包括网络游戏、文学、动漫、戏剧、影视等在内的多元化、高品质综合互动娱乐体验。立足“泛娱乐”战略，腾讯互动娱乐持续基于互联网与移动互联网的多领域共生，打造明星IP（知识产权，Intellectual Property）的粉丝经济，全面拥抱互动娱乐新时代，让想象绽放！！', '游戏', 8, 6, '五险一金,补充医疗保险,定期体检,全勤奖,年终奖,股票期权,带薪年假,员工旅游'),
(7, '三盟科技', '08405ab72ce30b0b622cbacd142402a698a9df6c0aff0d9528ba0f075bb9ee35.jpg', '公司简介\r\n三盟科技股份有限公司(简称三盟科技) 总部位于广州，注册资本7199.216万，是一家专注教育，专注大数据、人工智能、人脸识别、物联网等新一代信息技术自主研发与应用创新的教育高科技企业。\r\n在技术创新方面，三盟科技一直秉持着“专注教育，专注新一代信息技术应用创新品牌包括物联网技术系列产品、大数据技术系列产品、人脸识别技术系列产品、人工智能技术系列产品、云计算技术系列产品、AIoBE基础教育系列产品、智能硬件AIoH系列产产品系列。', '计算机软件', 7, 4, '五险一金,补充医疗保险,定期体检,带薪年假,员工旅游,节日福利,零食下午茶');

-- --------------------------------------------------------

--
-- 表的结构 `feedback`
--

CREATE TABLE `feedback` (
  `feedback_id` int(11) NOT NULL,
  `js_id` int(11) NOT NULL,
  `feedback_content` text NOT NULL,
  `feedback_send_time` datetime NOT NULL,
  `admin_id` int(11) DEFAULT NULL,
  `feedback_reply` text,
  `feedback_replytime` datetime DEFAULT NULL
) ENGINE=InnoDB DEFAULT CHARSET=utf8;

--
-- 转存表中的数据 `feedback`
--

INSERT INTO `feedback` (`feedback_id`, `js_id`, `feedback_content`, `feedback_send_time`, `admin_id`, `feedback_reply`, `feedback_replytime`) VALUES
(1, 1, '1231456', '2020-04-28 17:06:58', 1, '回复测试', '2020-04-29 22:56:28'),
(2, 1, '66666', '2020-04-28 17:10:07', 1, '回复22222', '2020-04-29 23:04:31'),
(3, 1, '123156', '2020-04-28 17:20:16', 1, '3333', '2020-04-29 23:08:02'),
(6, 1, '留言测试下', '2020-05-06 20:52:42', 1, '666', '2020-05-09 14:44:38'),
(7, 22, '4564879', '2020-05-09 21:05:20', 1, '666', '2020-05-10 08:50:47'),
(8, 22, '6565', '2020-05-09 21:05:25', NULL, NULL, NULL),
(9, 1, '664564', '2020-05-10 08:55:29', NULL, NULL, NULL),
(10, 23, '反馈留言', '2020-05-10 11:35:58', NULL, NULL, NULL);

-- --------------------------------------------------------

--
-- 表的结构 `index_pic`
--

CREATE TABLE `index_pic` (
  `index_pic_id` int(11) NOT NULL,
  `pic` varchar(255) NOT NULL,
  `job_id` int(11) NOT NULL,
  `update_time` datetime NOT NULL,
  `update_user` int(11) NOT NULL
) ENGINE=InnoDB DEFAULT CHARSET=utf8;

--
-- 转存表中的数据 `index_pic`
--

INSERT INTO `index_pic` (`index_pic_id`, `pic`, `job_id`, `update_time`, `update_user`) VALUES
(1, 'pic1.jpg', 3, '2020-04-22 00:00:00', 1),
(2, 'pic2.jpg', 5, '2020-04-22 00:00:00', 1),
(3, 'pic3.jpg', 6, '2020-04-23 00:00:00', 1),
(4, 'pic4.jpg', 6, '2020-04-24 00:00:00', 1);

-- --------------------------------------------------------

--
-- 表的结构 `job`
--

CREATE TABLE `job` (
  `job_id` int(11) NOT NULL,
  `job_name` varchar(50) NOT NULL,
  `job_detail` text NOT NULL,
  `exp_condition` tinyint(4) DEFAULT NULL COMMENT '1:在校生;2:应届生;3:一年以内;4:1-3年;5:3-5年;6:5-10年;7:10年以上',
  `edu_condition` tinyint(4) DEFAULT NULL COMMENT '	1:初中及以下;2:中专/中技;3:高中;4:大专;5:本科;6:硕士;7:博士',
  `salary` int(11) DEFAULT NULL COMMENT '0为面议',
  `tag` varchar(255) DEFAULT NULL,
  `recruiter_id` int(11) NOT NULL,
  `work_city` varchar(50) DEFAULT NULL,
  `work_address` varchar(255) NOT NULL,
  `post_date` date DEFAULT NULL,
  `job_classes_id` int(11) NOT NULL,
  `is_recommend` tinyint(4) NOT NULL DEFAULT '0'
) ENGINE=InnoDB DEFAULT CHARSET=utf8;

--
-- 转存表中的数据 `job`
--

INSERT INTO `job` (`job_id`, `job_name`, `job_detail`, `exp_condition`, `edu_condition`, `salary`, `tag`, `recruiter_id`, `work_city`, `work_address`, `post_date`, `job_classes_id`, `is_recommend`) VALUES
(3, '测试职位', '测试职位描述', 1, 1, 5000, 'Java,Web', 2, '广州', '天河区体育西路', '2020-04-11', 4, 0),
(4, 'Java', '工作职责：\r\n1.负责集团内部相关web系统的软件开发的工作；\r\n2.配合相关的需求分析师了解业务需求并设计技术解决方案；\r\n3.独立编写项目开发过程中的项目文档；\r\n4. 开发和维护系统平台与框架，发现和解决存在的技术问题，保证系统的性能和稳定性；\r\n\r\n任职要求：\r\n1.计算机类、信息系统类相关专业；\r\n2.熟悉Java常见web开发框架，如Spring、Mybatis；\r\n3.熟悉常见数据Oracle、MySQL的开发；\r\n4.熟悉Spring Boot,Spring Cloud等微服务框架的开发；\r\n\r\n其它福利待遇：\r\n1. 年底双薪，旅游补贴，提供有竞争力的季度奖；\r\n2. 免费提供五星级的一日三餐和公寓住宿；\r\n3. 免费班车接送；\r\n4. 公司有自己的幼儿园，解决员工子女上学问题；', 5, 5, 15000, '后端开发,微服务框架,web开发框架,Spring Cloud', 4, '广州', '广州黄埔区CVTE第一产业园', '2020-04-11', 2, 1),
(5, 'Java', '工作职责：\r\n1.负责集团内部相关web系统的软件开发的工作；\r\n2.配合相关的需求分析师了解业务需求并设计技术解决方案；\r\n3.独立编写项目开发过程中的项目文档；\r\n4. 开发和维护系统平台与框架，发现和解决存在的技术问题，保证系统的性能和稳定性；\r\n\r\n任职要求：\r\n1.计算机类、信息系统类相关专业；\r\n2.熟悉Java常见web开发框架，如Spring、Mybatis；\r\n3.熟悉常见数据Oracle、MySQL的开发；\r\n4.熟悉Spring Boot,Spring Cloud等微服务框架的开发；\r\n\r\n其它福利待遇：\r\n1. 年底双薪，旅游补贴，提供有竞争力的季度奖；\r\n2. 免费提供五星级的一日三餐和公寓住宿；\r\n3. 免费班车接送；\r\n4. 公司有自己的幼儿园，解决员工子女上学问题；', 4, 5, 15000, '微服务框架,web开发框架,Spring Cloud,熟悉Spirng', 5, '广州', '广州黄埔区CVTE第一产业园', '2020-04-12', 2, 0),
(6, 'java实习生', '【部门介绍】﻿\r\n我们是阿里国际化中台事业部,全球化是阿里巴巴经济体的核心战略之一,也是阿里商业操作系统的重要组成部分。\r\n\r\n在阿里有很多的国际化战场,包括东南亚电商Lazada,以及全球卖的速卖通AliExpress,同时还有Daraz等众多电商市场。未来通过中台的能力建设,帮助业务和业务之间更好的互通,实现技术研发的网络与规模效应,收敛国际化业务核心系统链路,确保核心链路的稳定,性能和体验,通过中台更快,更好的支持国际新业务接入以及国内业务出海。\r\n\r\n我们的业务遍布全球各个角落,我们的系统涉及到电商的所有核心链路:交易,商品,商家,还有国际的支付,国际的物流,我们的团队有各个办公地点,各个国家的小伙伴,我们的市场和业务之间通过中台的力量也会产生更多的化学反应。﻿﻿﻿\r\n\r\n我们的远方是星辰大海,但是我们遇到的挑战也非常巨大,相比较国内成熟的电商环境,友善的政策支持和完善的基础设施,国际化中各个国家的政策,国际化的物流,国际化的支付,海量的用户,全球的时区,语言的障碍,都会对我们的产品和技术产生重大的挑战。 我们需要优秀的你一起加入,共建阿里的国际化中台!﻿﻿\r\n\r\n【开放岗位】\r\njava工程师、测试工程师、前端工程师、IOS/Android工程师﻿﻿\r\n\r\n【工作地点】杭州or深圳\r\n\r\n【岗位要求】\r\n(1)本次招聘面向2020年11月——2021年10月毕业的同学,校招or实习都可以哦~﻿﻿\r\n(2)有强的动手能力和学习能力,熟悉至少一门计算机语言,如JAVA、Python、C++等,熟悉unix或者linux操作系统。 ﻿﻿\r\n(3)具备扎实的计算机专业背景,熟悉数据结构与算法,网络编程,多线程编程,数据库应用开发等。 \r\nP.S. 没有工作经验和项目经验的同学们也不要担心哦,校招看重的是你的学习能力和未来的潜力!﻿﻿\r\n\r\n【联系方式】﻿﻿\r\n投递简历请发送到 *****-inc.com\r\n微信: *****************﻿﻿\r\n电话:***********﻿﻿\r\n可直接内推!!!﻿﻿\r\n有任何问题可随时微信or电话骚扰哦~\r\n\r\n【写在最后】﻿﻿\r\nIf not you, who!﻿﻿﻿\r\nIf not now, when!﻿﻿', 2, 5, 4000, '分布式技术,后端开发,多线程编程,java工程师', 6, '广州', '广州越秀区阿里巴巴(中国)网络技术有限公司广州分公司', '2020-04-12', 2, 1),
(8, 'Web开发 实习工程师 ', '岗位内容：\r\n根据产品需求，完成前端UI和后端业务逻辑的设计和实现。\r\n\r\n岗位要求：\r\n1、基础素质：\r\n大学本科或以上学历，计算机相关专业；\r\n为人正直负责，具有良好的沟通能力和团队精神；\r\n有强烈的学习意愿、较强的自学能力和逻辑分析能力，能够独立分析并解决问题，能承受较大的压力。\r\n2、专业技能：\r\n掌握数据结构以及常用算法，熟悉Linux操作系统；\r\n熟悉前端研发相关语言或技术，如JavaScript、框架Angular/Vue等；\r\n掌握后端研发相关语言或技术，如PHP/Java/Python/Go等。\r\n3、时间要求：\r\n需要能进行连续6个月以上的实习。', 1, 5, 2800, 'javascript,前端ui,php,web开发,java', 6, '广州', '广州市 天河区 粤和楼', '2020-04-18', 80, 1),
(9, 'Java', '繁星直播和酷狗k歌后端开发工程师', 5, 5, 15000, 'Java,后端开发工程师,直播,K歌', 7, '广州', '广州市天河区科韵路16号信息港B栋13楼', '2020-05-01', 2, 0),
(10, 'Java', '招聘部门:\r\n新零售技术事业群 地方杭州，杭州，杭州\r\n1. 负责业务产品相关的架构设计与开发；\r\n2. 从用户和技术出发，实现面向未来的系统规划、设计和落地；\r\n3. 技术预研和技术难点攻关，保障系统可用性、稳定性、和可扩展性。\r\n职位要求：\r\n1. Java基础扎实，理解io、多线程、集合等基础框架，对JVM原理有一定的了解；\r\n2. 对于你用过的开源框架，能了解到它的原理和机制；对Spring、ibatis开源框架熟悉；\r\n3. 掌握多线程及高性能的设计与编码及性能调优；有高并发应用开发经验；\r\n4. 对技术有浓厚兴趣，学习能力强，适应能力好，抗压能力强；\r\n5.有做过大型项目的技术PLA/PM者优先。', 5, 5, 25000, '后端开发,数据库,jvm原理,iBATIS,Java基础扎实', 6, '广州', '广州海珠区阿里巴巴(广州阿里中心)(建设中)', '2020-05-05', 2, 0),
(12, 'JAVA', '本职位工作地点在杭州，可以电话面试\r\n1. 高级JAVA工程师要求3年以上JEE开发经验；\r\n2. 扎实的Java编程基础，熟悉各种设计模式\r\n3. 熟练掌握Spring/Struts/Ibatis或其他主流JAVA框架\r\n4. 熟悉MySQL数据库中的一种或多种，有数据库调优经验\r\n5. 熟悉整个软件过程，能够沟通需求、控制项目进度，有良好的文档能力\r\n6. 架构师要求有良好的组件级建模能力，熟悉NoSQL、MQ、Cache、TCP/IP原理，能够设计复杂业务、高并发、大数据量的系统\r\n7.如果以上均不符合，也没关系，只要你确认自己是个技术人才，对技术有足够的热情，希望找到一个能发挥你能力的地方，也欢迎投递简历;\r\n岗位职责：\r\n负责B类交易平台相关开发\r\n福利\r\n大平台，牛人多，入职就配15寸MacbookPro\r\n本职位工作地点在杭州，可以电话面试', NULL, 5, 20000, 'iBATIAS,数据库调优,MQ,java框架,NoSQL', 6, '广州', '平云路163号', '2020-05-06', 2, 0),
(13, 'Java', '工作地点：杭州\r\n职位描述：\r\n1.深入理解业务需求，进行相关系统的设计和开发；\r\n2.持续优化系统架构和系统的可扩展性，参与系统的长期设计规划；\r\n3.持续优化系统性能，保障系统的高可用性。\r\n职位要求：\r\n1. 主导过大规模系统的架构设计，精通服务化、服务治理、领域建模，对系统和业务抽象有非常丰富经验； \r\n2. 有较强的业务理解能力，能够结合数据，快速识别和分析业务问题，并给出合理的解决方案，有金融和SAAS成功经验的优先；\r\n 3. 精通Java SE和Java EE技术，对各种开源的框架如Spring、ibatis等有深入的了解，掌握核心结构、运行机制； \r\n4. 有丰富的全球化部署和分布式异构系统架构的实施经验；\r\n 5. 有国际化背景服务B类工作经验优先', NULL, NULL, 25000, '分布式技术,Spring,iBATIS,服务治理,精通Java', 6, '广州', '广州市 越秀区 阿里巴巴(中国)网络技术有限公司广州分公司', '2020-05-06', 2, 0),
(14, 'PHP实习生', '岗位要求\r\n1.熟悉php，熟悉某一框架，laravel优先，一年以上有实际PHP开发项目经验者优先;\r\n2.熟悉html、css、js，可独立写一些简单前端;\r\n3.熟练应用MySql，熟悉HTTP协议、熟悉GIT\\SVN，熟悉接口开发者优先；\r\n4.加分项：熟悉linux系统、数据结构、算法，熟悉B2B业务优先；\r\n5.具有数据库设计和优化能力，至少了解一种常用nosql系统（redis、mongodb等）\r\n希望你\r\n1、有较强的自我驱动能力，学习、执行能力强，对自己有高技术要求；\r\n2、具有较好的沟通交流能力，能够迅速融入团队，具有良好的时间和流程意识；\r\n3、本科及以上学历，大三&研二学生优先，985.211优先\r\n4、每周工作4-5天，实习时间不少于6个月，必须计算机相关专业；\r\n5、实习期满可转为正式员工，五险一金齐全,带薪年假', 1, 5, 2500, 'JavaScript,CSS,Laravel,NoSQL,熟悉PHP', 8, '广州', '广州海珠区保利·天幕广场', '2020-05-01', 4, 1),
(15, 'PHP', '本科以上学历，计算机软件或相关专业；\r\n3年及以上PHP后端开发工作经验；\r\n熟悉jQuery、BootStrap等前端框架，能完成Web前端相关的开发；\r\n熟悉Linux、Unix等操作系统，能熟练进行各种Shell命令和编程；\r\n熟悉MySQL、Redis等数据库，能够按需求完成高性能数据库设计；\r\n熟悉swoole有高并发量活动开发经验；\r\n良好的沟通能力，能主动分析和解决问题，喜欢钻研新技术，有责任心，正直进取\r\n有游戏运营开发经验者优先考虑；\r\n岗位职责：\r\n负责英雄联盟官网系统的前后端程序的开发和维护；\r\n负责英雄联盟Web营销活动系统的开发和维护；\r\n负责其他周边系统的开发和维护。', 5, 5, 20000, 'Golang,Swoole,Shell命令,熟悉jQuery,数据库设计', 9, '上海 徐汇区', '上海徐汇区上海腾讯大厦', '2020-05-01', 4, 1),
(16, '算法工程师', '岗位职责：\r\n1、负责GPU上图像和视频处理算法的开发；\r\n2、目标检测、定位、跟踪与识别等计算机视觉算法的设计与开发；\r\n3、使用GPU编程工具对算法进行加速；\r\n4、根据公司流程撰写设计文档。\r\n任职要求：\r\n1、本科及以上学历，计算机、数学等相关专业，3年及以上图像处理工作经验；\r\n2、精通C/C++等编程语言，熟悉Linux程序开发，有多线程、多进程编程经验；\r\n3、熟悉常用特征提取方法：Haar、Gabor、LBP、SIFT、HOG等；\r\n4、有人脸识别、物体检测/识别等相关项目经验者优先；\r\n5、熟悉OpenCV、CUDA、OpenCL等图像处理软件包者优先；\r\n6、熟悉深度学习理论框架，精通Tensorflow、Caffe等其中一种深度学习开源框架。', 5, 5, 25000, '语音识别,人脸识别,视频算法,CUDA,目标检测', 11, '广州', '广州海珠区琶洲蟠龙新街3号11栋31层', '2020-05-03', 20, 1);

-- --------------------------------------------------------

--
-- 表的结构 `job_classes`
--

CREATE TABLE `job_classes` (
  `job_classes_id` int(4) NOT NULL,
  `job_classes_name` varchar(20) DEFAULT NULL,
  `job_classes_url` varchar(255) DEFAULT NULL,
  `child_classes_id` int(4) DEFAULT NULL,
  `isRecommend` tinyint(4) DEFAULT '0' COMMENT '0为非推荐职位分类，1为推荐职位分类',
  `isHot` tinyint(4) DEFAULT '0' COMMENT '0为非热门职位分类，1为热门职位分类'
) ENGINE=MyISAM DEFAULT CHARSET=utf8;

--
-- 转存表中的数据 `job_classes`
--

INSERT INTO `job_classes` (`job_classes_id`, `job_classes_name`, `job_classes_url`, `child_classes_id`, `isRecommend`, `isHot`) VALUES
(1, '后端开发', NULL, 1, 0, 0),
(2, 'Java', NULL, 1, 1, 0),
(3, 'C++', NULL, 1, 0, 0),
(4, 'PHP', NULL, 1, 1, 0),
(5, '数据挖掘', NULL, 1, 0, 0),
(6, 'C', NULL, 1, 0, 0),
(7, 'C#', NULL, 1, 0, 0),
(8, '.NET', NULL, 1, 0, 0),
(9, 'Hadoop', NULL, 1, 0, 0),
(10, 'Python', NULL, 1, 0, 0),
(11, 'Delphi', NULL, 1, 0, 0),
(12, 'VB', NULL, 1, 0, 0),
(13, 'Perl', NULL, 1, 0, 0),
(14, 'Ruby', NULL, 1, 0, 0),
(15, 'Node.js', NULL, 1, 0, 0),
(16, '搜索算法', NULL, 1, 0, 0),
(17, 'Golang', NULL, 1, 0, 0),
(18, '推荐算法', NULL, 1, 0, 0),
(19, 'Erlang', NULL, 1, 0, 0),
(20, '算法工程师', NULL, 1, 1, 0),
(21, '语音/视频/图形开发', NULL, 1, 0, 0),
(22, '数据采集', NULL, 1, 0, 0),
(23, 'UE4', NULL, 2, 0, 0),
(24, '移动开发', NULL, 2, 0, 0),
(25, 'HTML5', NULL, 2, 0, 0),
(26, 'Android', NULL, 2, 0, 0),
(27, 'iOS', NULL, 2, 0, 0),
(28, 'WP', NULL, 2, 0, 0),
(29, '移动web前端', NULL, 2, 0, 0),
(30, 'Flash开发', NULL, 2, 0, 0),
(31, 'JavaScript', NULL, 2, 0, 0),
(32, 'U3D', NULL, 2, 0, 0),
(33, 'COCOS2DX', NULL, 2, 0, 0),
(34, '测试工程师', NULL, 3, 0, 0),
(35, '自动化测试', NULL, 3, 0, 0),
(36, '功能测试', NULL, 3, 0, 0),
(37, '性能测试', NULL, 3, 0, 0),
(38, '测试开发', NULL, 3, 0, 0),
(39, '移动端测试', NULL, 3, 0, 0),
(40, '游戏测试', NULL, 3, 0, 0),
(41, '硬件测试', NULL, 3, 0, 0),
(42, '软件测试', NULL, 3, 0, 0),
(43, '运维工程师', NULL, 4, 0, 0),
(44, '运维开发工程师', NULL, 4, 0, 0),
(45, '网络工程师', NULL, 4, 0, 0),
(46, '系统工程师', NULL, 4, 0, 0),
(47, 'IT技术支持', NULL, 4, 0, 0),
(48, '系统管理员', NULL, 4, 0, 0),
(49, '网络安全', NULL, 4, 0, 0),
(50, '系统安全', NULL, 4, 0, 0),
(51, 'DBA', NULL, 4, 0, 0),
(52, '数据', NULL, 5, 0, 0),
(53, 'ETL工程师', NULL, 5, 0, 0),
(54, '数据仓库', NULL, 5, 0, 0),
(55, '数据开发', NULL, 5, 0, 0),
(56, '数据挖掘', NULL, 5, 0, 0),
(57, '数据分析师', NULL, 5, 0, 0),
(58, '数据架构师', NULL, 5, 0, 0),
(59, '算法研究员', NULL, 5, 0, 0),
(60, '项目经理', NULL, 6, 0, 0),
(61, '项目主管', NULL, 6, 0, 0),
(62, '项目助理', NULL, 6, 0, 0),
(63, '项目专员', NULL, 6, 0, 0),
(64, '实施顾问', NULL, 6, 0, 0),
(65, '实施工程师', NULL, 6, 0, 0),
(66, '需求分析工程师', NULL, 6, 0, 0),
(67, '硬件', NULL, 7, 0, 0),
(68, '嵌入式', NULL, 7, 0, 0),
(69, '自动化', NULL, 7, 0, 0),
(70, '单片机', NULL, 7, 0, 0),
(71, '电路设计', NULL, 7, 0, 0),
(72, '驱动开发', NULL, 7, 0, 0),
(73, '系统集成', NULL, 7, 0, 0),
(74, 'FPGA开发', NULL, 7, 0, 0),
(75, 'DSP开发', NULL, 7, 0, 0),
(76, 'ARM开发', NULL, 7, 0, 0),
(77, 'PCB工艺', NULL, 7, 0, 0),
(78, '射频工程师', NULL, 7, 0, 0),
(79, '前端开发', NULL, 8, 0, 0),
(80, 'web前端', NULL, 8, 1, 0),
(81, 'JavaScript', NULL, 8, 0, 0),
(82, 'Flash开发', NULL, 8, 0, 0),
(83, 'HTML5', NULL, 8, 0, 0),
(84, '通信技术工程师', NULL, 9, 0, 0),
(85, '通信研发工程师', NULL, 9, 0, 0),
(86, '数据通信工程师', NULL, 9, 0, 0),
(87, '移动通信工程师', NULL, 9, 0, 0),
(88, '电信网络工程师', NULL, 9, 0, 0),
(89, '电信交换工程师', NULL, 9, 0, 0),
(90, '有线传输工程师', NULL, 9, 0, 0),
(91, '无线射频工程师', NULL, 9, 0, 0),
(92, '通信电源工程师', NULL, 9, 0, 0),
(93, '通信标准化工程师', NULL, 9, 0, 0),
(94, '通信项目专员', NULL, 9, 0, 0),
(95, '通信项目经理', NULL, 9, 0, 0),
(96, '核心网工程师', NULL, 9, 0, 0),
(97, '通信测试工程师', NULL, 9, 0, 0),
(98, '通信设备工程师', NULL, 9, 0, 0),
(99, '光通信工程师', NULL, 9, 0, 0),
(100, '光传输工程师', NULL, 9, 0, 0),
(101, '光网络工程师', NULL, 9, 0, 0),
(102, '电子工程师', NULL, 10, 0, 0),
(103, '电气工程师', NULL, 10, 0, 0),
(104, 'FAE', NULL, 10, 0, 0),
(105, '电气设计工程师', NULL, 10, 0, 0),
(106, '高端技术职位', NULL, 11, 0, 0),
(107, '技术经理', NULL, 11, 0, 0),
(108, '技术总监', NULL, 11, 0, 0),
(109, '测试经理', NULL, 11, 0, 0),
(110, '架构师', NULL, 11, 0, 0),
(111, 'CTO', NULL, 11, 0, 0),
(112, '运维总监', NULL, 11, 0, 0),
(113, '技术合伙人', NULL, 11, 0, 0),
(114, '智能驾驶系统工程师', NULL, 12, 0, 0),
(115, '反欺诈/风控算法', NULL, 12, 0, 0),
(116, '人工智能', NULL, 12, 0, 0),
(117, '自然语言处理', NULL, 12, 0, 0),
(118, '机器学习', NULL, 12, 0, 0),
(119, '深度学习', NULL, 12, 0, 0),
(120, '语音识别', NULL, 12, 0, 0),
(121, '图像识别', NULL, 12, 0, 0),
(122, '算法研究员', NULL, 12, 0, 0),
(123, '销售技术支持', NULL, 13, 0, 0),
(124, '售前工程师', NULL, 13, 0, 0),
(125, '售后工程师', NULL, 13, 0, 0),
(126, '其他技术职位', NULL, 14, 0, 0),
(127, '硬件产品经理', NULL, 15, 0, 0),
(128, '产品经理', NULL, 15, 1, 0),
(129, '网页产品经理', NULL, 15, 0, 0),
(130, '移动产品经理', NULL, 15, 0, 0),
(131, '产品助理', NULL, 15, 0, 0),
(132, '数据产品经理', NULL, 15, 1, 0),
(133, '电商产品经理', NULL, 15, 0, 0),
(134, '游戏策划', NULL, 15, 0, 0),
(135, '产品专员', NULL, 15, 0, 0),
(136, '高端产品职位', NULL, 16, 0, 0),
(137, '产品总监', NULL, 16, 1, 0),
(138, '游戏制作人', NULL, 16, 0, 0),
(139, '产品VP', NULL, 16, 0, 0),
(140, '其他产品职位', NULL, 17, 0, 0),
(141, '视觉设计', NULL, 18, 0, 0),
(142, '视觉设计师', NULL, 18, 0, 0),
(143, '网页设计师', NULL, 18, 0, 0),
(144, 'Flash设计师', NULL, 18, 0, 0),
(145, 'APP设计师', NULL, 18, 0, 0),
(146, 'UI设计师', NULL, 18, 1, 0),
(147, '平面设计师', NULL, 18, 1, 0),
(148, '美术设计师（2D/3D）', NULL, 18, 0, 0),
(149, '广告设计师', NULL, 18, 0, 0),
(150, '多媒体设计师', NULL, 18, 0, 0),
(151, '原画师', NULL, 18, 0, 0),
(152, '游戏特效', NULL, 18, 0, 0),
(153, '游戏界面设计师', NULL, 18, 0, 0),
(154, '游戏场景', NULL, 18, 0, 0),
(155, '游戏角色', NULL, 18, 0, 0),
(156, '游戏动作', NULL, 18, 0, 0),
(157, '三维/CAD/制图', NULL, 18, 0, 0),
(158, '美工', NULL, 18, 0, 0),
(159, '包装设计', NULL, 18, 0, 0),
(160, '设计师助理', NULL, 18, 0, 0),
(161, '动画设计师', NULL, 18, 0, 0),
(162, '插画师', NULL, 18, 0, 0),
(163, '交互设计师', NULL, 19, 1, 0),
(164, '无线交互设计师', NULL, 19, 0, 0),
(165, '网页交互设计师', NULL, 19, 0, 0),
(166, '硬件交互设计师', NULL, 19, 0, 0),
(167, '数据分析师', NULL, 20, 0, 0),
(168, '用户研究员', NULL, 20, 0, 0),
(169, '游戏数值策划', NULL, 20, 0, 0),
(170, 'UX设计师', NULL, 20, 0, 0),
(171, '用户研究经理', NULL, 20, 0, 0),
(172, '用户研究总监', NULL, 20, 0, 0),
(173, '高端设计职位', NULL, 21, 0, 0),
(174, '设计经理/主管', NULL, 21, 0, 0),
(175, '设计总监', NULL, 21, 0, 0),
(176, '视觉设计经理', NULL, 21, 0, 0),
(177, '视觉设计总监', NULL, 21, 0, 0),
(178, '交互设计经理/主管', NULL, 21, 0, 0),
(179, '交互设计总监', NULL, 21, 0, 0),
(180, '非视觉设计', NULL, 22, 0, 0),
(181, '服装/纺织设计', NULL, 22, 0, 0),
(182, '工业设计', NULL, 22, 0, 0),
(183, '橱柜设计', NULL, 22, 0, 0),
(184, '家具设计', NULL, 22, 0, 0),
(185, '家居设计', NULL, 22, 0, 0),
(186, '珠宝设计', NULL, 22, 0, 0),
(187, '室内设计', NULL, 22, 0, 0),
(188, '陈列设计', NULL, 22, 0, 0),
(189, '其他设计职位', NULL, 23, 0, 0),
(190, '数据标注', NULL, 24, 0, 0),
(191, '直播运营', NULL, 24, 0, 0),
(192, '运营', NULL, 24, 0, 0),
(193, '用户运营', NULL, 24, 0, 0),
(194, '产品运营', NULL, 24, 1, 0),
(195, '数据运营', NULL, 24, 0, 0),
(196, '内容运营', NULL, 24, 0, 0),
(197, '活动运营', NULL, 24, 0, 0),
(198, '商家运营', NULL, 24, 0, 0),
(199, '品类运营', NULL, 24, 0, 0),
(200, '游戏运营', NULL, 24, 0, 0),
(201, '网络推广', NULL, 24, 1, 0),
(202, '网站运营', NULL, 24, 0, 0),
(203, '新媒体运营', NULL, 24, 1, 0),
(204, '社区运营', NULL, 24, 0, 0),
(205, '微信运营', NULL, 24, 0, 0),
(206, '微博运营', NULL, 24, 0, 0),
(207, '策略运营', NULL, 24, 0, 0),
(208, '线下拓展运营', NULL, 24, 0, 0),
(209, '电商运营', NULL, 24, 0, 0),
(210, '运营助理/专员', NULL, 24, 0, 0),
(211, '内容审核', NULL, 24, 0, 0),
(212, '销售运营', NULL, 24, 0, 0),
(213, '编辑', NULL, 25, 0, 0),
(214, '副主编', NULL, 25, 0, 0),
(215, '内容编辑', NULL, 25, 0, 0),
(216, '文案策划', NULL, 25, 0, 0),
(217, '网站编辑', NULL, 25, 0, 0),
(218, '记者', NULL, 25, 0, 0),
(219, '采编', NULL, 25, 0, 0),
(220, '售前咨询', NULL, 26, 0, 0),
(221, '售后咨询', NULL, 26, 0, 0),
(222, '网络客服', NULL, 26, 0, 0),
(223, '客服经理', NULL, 26, 0, 0),
(224, '客服专员/助理', NULL, 26, 0, 0),
(225, '客服主管', NULL, 26, 0, 0),
(226, '客服总监', NULL, 26, 0, 0),
(227, '电话客服', NULL, 26, 0, 0),
(228, '咨询热线/呼叫中心客服', NULL, 26, 0, 0),
(229, '高端运营职位', NULL, 27, 0, 0),
(230, '主编', NULL, 27, 0, 0),
(231, '运营总监', NULL, 27, 0, 0),
(232, 'COO', NULL, 27, 0, 0),
(233, '客服总监', NULL, 27, 0, 0),
(234, '运营经理/主管', NULL, 27, 0, 0),
(235, '其他运营职位', NULL, 28, 0, 0),
(236, '政策研究', NULL, 29, 0, 0),
(237, '企业党建', NULL, 29, 0, 0),
(238, '政府关系', NULL, 29, 0, 0),
(239, '选址开发', NULL, 30, 0, 0),
(240, '市场营销', NULL, 30, 1, 0),
(241, '市场策划', NULL, 30, 0, 0),
(242, '市场顾问', NULL, 30, 0, 0),
(243, '市场推广', NULL, 30, 1, 0),
(244, 'SEO', NULL, 30, 0, 0),
(245, 'SEM', NULL, 30, 0, 0),
(246, '商务渠道', NULL, 30, 0, 0),
(247, '商业数据分析', NULL, 30, 0, 0),
(248, '活动策划', NULL, 30, 0, 0),
(249, '网络营销', NULL, 30, 0, 0),
(250, '海外市场', NULL, 30, 0, 0),
(251, 'APP推广', NULL, 30, 0, 0),
(252, '公关媒介', NULL, 31, 0, 0),
(253, '媒介经理', NULL, 31, 0, 0),
(254, '广告协调', NULL, 31, 0, 0),
(255, '品牌公关', NULL, 31, 1, 0),
(256, '媒介专员', NULL, 31, 0, 0),
(257, '活动策划执行', NULL, 31, 0, 0),
(258, '媒介策划', NULL, 31, 0, 0),
(259, '会务会展', NULL, 32, 0, 0),
(260, '会议活动销售', NULL, 32, 0, 0),
(261, '会议活动策划', NULL, 32, 0, 0),
(262, '会议活动执行', NULL, 32, 0, 0),
(263, '会展活动销售', NULL, 32, 0, 0),
(264, '会展活动策划', NULL, 32, 0, 0),
(265, '会展活动执行', NULL, 32, 0, 0),
(266, '广告', NULL, 33, 0, 0),
(267, '广告创意', NULL, 33, 0, 0),
(268, '美术指导', NULL, 33, 0, 0),
(269, '广告设计师', NULL, 33, 0, 0),
(270, '策划经理', NULL, 33, 1, 0),
(271, '文案', NULL, 33, 0, 0),
(272, '广告制作', NULL, 33, 0, 0),
(273, '媒介投放', NULL, 33, 0, 0),
(274, '媒介合作', NULL, 33, 0, 0),
(275, '媒介顾问', NULL, 33, 0, 0),
(276, '广告审核', NULL, 33, 0, 0),
(277, '高端市场职位', NULL, 34, 0, 0),
(278, '市场总监', NULL, 34, 0, 0),
(279, 'CMO', NULL, 34, 0, 0),
(280, '公关总监', NULL, 34, 0, 0),
(281, '媒介总监', NULL, 34, 0, 0),
(282, '创意总监', NULL, 34, 0, 0),
(283, '其他市场职位', NULL, 35, 0, 0),
(284, '人力资源主管', NULL, 36, 0, 0),
(285, '招聘', NULL, 36, 0, 0),
(286, 'HRBP', NULL, 36, 0, 0),
(287, '人力资源专员/助理', NULL, 36, 1, 0),
(288, '培训', NULL, 36, 1, 0),
(289, '薪资福利', NULL, 36, 0, 0),
(290, '绩效考核', NULL, 36, 1, 0),
(291, '人力资源经理', NULL, 36, 0, 0),
(292, '人力资源VP/CHO', NULL, 36, 0, 0),
(293, '人力资源总监', NULL, 36, 0, 0),
(294, '员工关系', NULL, 36, 0, 0),
(295, '组织发展', NULL, 36, 0, 0),
(296, '行政专员/助理', NULL, 37, 0, 0),
(297, '前台', NULL, 37, 0, 0),
(298, '行政主管', NULL, 37, 1, 0),
(299, '经理助理', NULL, 37, 0, 0),
(300, '后勤', NULL, 37, 0, 0),
(301, '商务司机', NULL, 37, 0, 0),
(302, '行政经理', NULL, 37, 0, 0),
(303, '行政总监', NULL, 37, 0, 0),
(304, '成本', NULL, 38, 0, 0),
(305, '财务', NULL, 38, 1, 0),
(306, '会计', NULL, 38, 0, 0),
(307, '出纳', NULL, 38, 0, 0),
(308, '财务顾问', NULL, 38, 0, 0),
(309, '结算', NULL, 38, 0, 0),
(310, '税务', NULL, 38, 0, 0),
(311, '审计', NULL, 38, 0, 0),
(312, '风控', NULL, 38, 0, 0),
(313, '财务经理', NULL, 38, 0, 0),
(314, 'CFO', NULL, 38, 0, 0),
(315, '财务总监', NULL, 38, 0, 0),
(316, '财务主管', NULL, 38, 0, 0),
(317, '法务专员/助理', NULL, 39, 0, 0),
(318, '律师', NULL, 39, 0, 0),
(319, '专利', NULL, 39, 0, 0),
(320, '法律顾问', NULL, 39, 0, 0),
(321, '法务主管', NULL, 39, 0, 0),
(322, '法务经理', NULL, 39, 0, 0),
(323, '法务总监', NULL, 39, 0, 0),
(324, '其他职能职位', NULL, 40, 0, 0),
(325, '高级管理职位', NULL, 41, 0, 0),
(326, '总裁/总经理/CEO', NULL, 41, 1, 0),
(327, '副总裁/副总经理/VP', NULL, 41, 0, 0),
(328, '分公司/代表处负责人', NULL, 41, 1, 0),
(329, '区域负责人(辖多个分公司)', NULL, 41, 0, 0),
(330, '总助/CEO助理/董事长助理', NULL, 41, 0, 0),
(331, '合伙人', NULL, 41, 0, 0),
(332, '联合创始人', NULL, 41, 0, 0),
(333, '董事会秘书', NULL, 41, 0, 0),
(334, '销售', NULL, 42, 0, 0),
(335, '销售专员', NULL, 42, 1, 0),
(336, '销售经理', NULL, 42, 1, 0),
(337, '客户代表', NULL, 42, 0, 0),
(338, '大客户代表', NULL, 42, 0, 0),
(339, 'BD经理', NULL, 42, 0, 0),
(340, '商务渠道', NULL, 42, 0, 0),
(341, '渠道销售', NULL, 42, 0, 0),
(342, '代理商销售', NULL, 42, 0, 0),
(343, '销售助理', NULL, 42, 0, 0),
(344, '电话销售', NULL, 42, 0, 0),
(345, '销售顾问', NULL, 42, 0, 0),
(346, '商品经理', NULL, 42, 0, 0),
(347, '广告销售', NULL, 42, 0, 0),
(348, '网络营销', NULL, 42, 0, 0),
(349, '营销主管', NULL, 42, 0, 0),
(350, '销售工程师', NULL, 42, 1, 0),
(351, '客户经理', NULL, 42, 0, 0),
(352, '销售管理', NULL, 43, 0, 0),
(353, '销售总监', NULL, 43, 0, 0),
(354, '商务总监', NULL, 43, 0, 0),
(355, '区域总监', NULL, 43, 0, 0),
(356, '城市经理', NULL, 43, 0, 0),
(357, '销售VP', NULL, 43, 0, 0),
(358, '团队经理', NULL, 43, 0, 0),
(359, '其他销售职位', NULL, 44, 0, 0),
(360, '采编/写作/出版', NULL, 45, 0, 0),
(361, '记者', NULL, 45, 1, 0),
(362, '编辑', NULL, 45, 1, 0),
(363, '采编', NULL, 45, 0, 0),
(364, '撰稿人', NULL, 45, 0, 0),
(365, '出版发行', NULL, 45, 0, 0),
(366, '校对录入', NULL, 45, 0, 0),
(367, '总编', NULL, 45, 0, 0),
(368, '自媒体', NULL, 45, 0, 0),
(369, '公关媒介', NULL, 46, 0, 0),
(370, '媒介经理', NULL, 46, 1, 0),
(371, '媒介专员', NULL, 46, 0, 0),
(372, '广告协调', NULL, 46, 0, 0),
(373, '品牌公关', NULL, 46, 0, 0),
(374, '活动策划执行', NULL, 46, 0, 0),
(375, '媒介策划', NULL, 46, 0, 0),
(376, '会务会展', NULL, 47, 0, 0),
(377, '会议活动销售', NULL, 47, 0, 0),
(378, '会议活动策划', NULL, 47, 0, 0),
(379, '会议活动执行', NULL, 47, 0, 0),
(380, '会展活动销售', NULL, 47, 0, 0),
(381, '会展活动策划', NULL, 47, 0, 0),
(382, '会展活动执行', NULL, 47, 0, 0),
(383, '广告', NULL, 48, 0, 0),
(384, '广告创意', NULL, 48, 1, 0),
(385, '美术指导', NULL, 48, 0, 0),
(386, '广告设计师', NULL, 48, 0, 0),
(387, '策划经理', NULL, 48, 0, 0),
(388, '文案', NULL, 48, 1, 0),
(389, '广告制作', NULL, 48, 0, 0),
(390, '媒介投放', NULL, 48, 0, 0),
(391, '媒介合作', NULL, 48, 0, 0),
(392, '媒介顾问', NULL, 48, 0, 0),
(393, '广告审核', NULL, 48, 0, 0),
(394, '主持人/DJ', NULL, 49, 0, 0),
(395, '影视媒体', NULL, 49, 0, 0),
(396, '艺人助理', NULL, 49, 0, 0),
(397, '统筹制片人', NULL, 49, 0, 0),
(398, '执行制片人', NULL, 49, 0, 0),
(399, '导演/编导', NULL, 49, 0, 0),
(400, '摄影/摄像', NULL, 49, 0, 0),
(401, '视频编辑', NULL, 49, 0, 0),
(402, '音频编辑', NULL, 49, 0, 0),
(403, '经纪人', NULL, 49, 0, 0),
(404, '后期制作', NULL, 49, 0, 0),
(405, '影视制作', NULL, 49, 0, 0),
(406, '影视发行', NULL, 49, 0, 0),
(407, '影视策划', NULL, 49, 0, 0),
(408, '主播', NULL, 49, 0, 0),
(409, '演员/配音/模特', NULL, 49, 0, 0),
(410, '化妆/造型/服装', NULL, 49, 0, 0),
(411, '放映管理', NULL, 49, 0, 0),
(412, '录音/音效', NULL, 49, 0, 0),
(413, '制片人', NULL, 49, 0, 0),
(414, '编剧', NULL, 49, 0, 0),
(415, '其他传媒职位', NULL, 50, 0, 0),
(416, '投融资', NULL, 51, 0, 0),
(417, '投资经理', NULL, 51, 1, 0),
(418, '行业研究', NULL, 51, 0, 0),
(419, '资产管理', NULL, 51, 0, 0),
(420, '投资总监', NULL, 51, 1, 0),
(421, '投资VP', NULL, 51, 0, 0),
(422, '投资合伙人', NULL, 51, 0, 0),
(423, '融资', NULL, 51, 0, 0),
(424, '并购', NULL, 51, 0, 0),
(425, '投后管理', NULL, 51, 0, 0),
(426, '投资助理', NULL, 51, 0, 0),
(427, '其他投融资职位', NULL, 51, 0, 0),
(428, '投资顾问', NULL, 51, 0, 0),
(429, '风控', NULL, 52, 1, 0),
(430, '律师', NULL, 52, 0, 0),
(431, '资信评估', NULL, 52, 0, 0),
(432, '合规稽查', NULL, 52, 0, 0),
(433, '审计', NULL, 53, 0, 0),
(434, '法务', NULL, 53, 0, 0),
(435, '会计', NULL, 53, 0, 0),
(436, '清算', NULL, 53, 0, 0),
(437, '银行', NULL, 54, 0, 0),
(438, '信用卡销售', NULL, 54, 0, 0),
(439, '分析师', NULL, 54, 0, 0),
(440, '柜员', NULL, 54, 0, 0),
(441, '商务渠道', NULL, 54, 0, 0),
(442, '大堂经理', NULL, 54, 0, 0),
(443, '理财顾问', NULL, 54, 0, 0),
(444, '客户经理', NULL, 54, 0, 0),
(445, '信贷管理', NULL, 54, 0, 0),
(446, '风控', NULL, 54, 0, 0),
(447, '互联网金融', NULL, 55, 0, 0),
(448, '金融产品经理', NULL, 55, 0, 0),
(449, '风控', NULL, 55, 0, 0),
(450, '催收员', NULL, 55, 0, 0),
(451, '分析师', NULL, 55, 0, 0),
(452, '投资经理', NULL, 55, 0, 0),
(453, '交易员', NULL, 55, 0, 0),
(454, '理财顾问', NULL, 55, 0, 0),
(455, '合规稽查', NULL, 55, 0, 0),
(456, '审计', NULL, 55, 0, 0),
(457, '清算', NULL, 55, 0, 0),
(458, '保险业务', NULL, 56, 0, 0),
(459, '精算师', NULL, 56, 0, 0),
(460, '保险理赔', NULL, 56, 0, 0),
(461, '证券', NULL, 57, 1, 0),
(462, '证券经纪人', NULL, 57, 0, 0),
(463, '证券分析师', NULL, 57, 0, 0),
(464, '其他金融职位', NULL, 58, 0, 0),
(465, '教育产品研发', NULL, 59, 0, 0),
(466, '课程设计', NULL, 59, 1, 0),
(467, '课程编辑', NULL, 59, 0, 0),
(468, '教师', NULL, 59, 0, 0),
(469, '培训研究', NULL, 59, 0, 0),
(470, '培训师', NULL, 59, 0, 0),
(471, '培训策划', NULL, 59, 0, 0),
(472, '其他教育产品研发职位', NULL, 59, 0, 0),
(473, '教育行政', NULL, 60, 0, 0),
(474, '校长', NULL, 60, 0, 0),
(475, '教务管理', NULL, 60, 1, 0),
(476, '教学管理', NULL, 60, 0, 0),
(477, '班主任/辅导员', NULL, 60, 0, 0),
(478, '日语教师', NULL, 61, 0, 0),
(479, '其他外语教师', NULL, 61, 0, 0),
(480, '教师', NULL, 61, 0, 0),
(481, '助教', NULL, 61, 0, 0),
(482, '高中教师', NULL, 61, 0, 0),
(483, '初中教师', NULL, 61, 0, 0),
(484, '小学教师', NULL, 61, 0, 0),
(485, '幼教', NULL, 61, 0, 0),
(486, '理科教师', NULL, 61, 0, 0),
(487, '文科教师', NULL, 61, 0, 0),
(488, '英语教师', NULL, 61, 0, 0),
(489, '音乐教师', NULL, 61, 0, 0),
(490, '美术教师', NULL, 61, 0, 0),
(491, '体育教师', NULL, 61, 0, 0),
(492, '就业老师', NULL, 61, 0, 0),
(493, 'IT培训', NULL, 62, 1, 0),
(494, 'JAVA培训讲师', NULL, 62, 0, 0),
(495, 'Android培训讲师', NULL, 62, 0, 0),
(496, 'ios培训讲师', NULL, 62, 0, 0),
(497, 'PHP培训讲师', NULL, 62, 0, 0),
(498, '.NET培训讲师', NULL, 62, 0, 0),
(499, 'C++培训讲师', NULL, 62, 0, 0),
(500, 'Unity 3D培训讲师', NULL, 62, 0, 0),
(501, 'Web前端培训讲师', NULL, 62, 0, 0),
(502, '软件测试培训讲师', NULL, 62, 0, 0),
(503, '动漫培训讲师', NULL, 62, 0, 0),
(504, 'UI设计培训讲师', NULL, 62, 0, 0),
(505, '财会培训讲师', NULL, 63, 0, 0),
(506, 'HR培训讲师', NULL, 63, 0, 0),
(507, '培训师', NULL, 63, 0, 0),
(508, '拓展培训', NULL, 63, 0, 0),
(509, '课程顾问', NULL, 64, 0, 0),
(510, '招生顾问', NULL, 64, 0, 0),
(511, '留学顾问', NULL, 64, 0, 0),
(512, '武术教练', NULL, 65, 0, 0),
(513, '轮滑教练', NULL, 65, 0, 0),
(514, '教练', NULL, 65, 0, 0),
(515, '舞蹈教练', NULL, 65, 0, 0),
(516, '瑜伽教练', NULL, 65, 0, 0),
(517, '瘦身顾问', NULL, 65, 0, 0),
(518, '游泳教练', NULL, 65, 0, 0),
(519, '健身教练', NULL, 65, 0, 0),
(520, '篮球/羽毛球教练', NULL, 65, 0, 0),
(521, '跆拳道教练', NULL, 65, 0, 0),
(522, '其他教育培训职位', NULL, 66, 0, 0),
(523, '临床研究', NULL, 67, 0, 0),
(524, '临床协调', NULL, 67, 0, 0),
(525, '临床数据分析', NULL, 67, 0, 0),
(526, '医学总监', NULL, 67, 0, 0),
(527, '医生助理', NULL, 68, 0, 0),
(528, '医学影像', NULL, 68, 0, 0),
(529, 'B超医生', NULL, 68, 0, 0),
(530, '中医', NULL, 68, 0, 0),
(531, '医师', NULL, 68, 0, 0),
(532, '心理医生', NULL, 68, 0, 0),
(533, '药剂师', NULL, 68, 1, 0),
(534, '牙科医生', NULL, 68, 0, 0),
(535, '康复治疗师', NULL, 68, 0, 0),
(536, '验光师', NULL, 68, 0, 0),
(537, '放射科医师', NULL, 68, 0, 0),
(538, '检验科医师', NULL, 68, 0, 0),
(539, '其他医生职位', NULL, 68, 0, 0),
(540, '护士长', NULL, 69, 0, 0),
(541, '护士/护理', NULL, 69, 0, 0),
(542, '导医', NULL, 69, 0, 0),
(543, '健康整形', NULL, 70, 0, 0),
(544, '营养师', NULL, 70, 1, 0),
(545, '整形师', NULL, 70, 0, 0),
(546, '理疗师', NULL, 70, 0, 0),
(547, '针灸推拿', NULL, 70, 0, 0),
(548, '生物制药', NULL, 71, 0, 0),
(549, '药品注册', NULL, 71, 0, 0),
(550, '药品生产', NULL, 71, 0, 0),
(551, '医学总监', NULL, 71, 0, 0),
(552, '医药研发', NULL, 71, 0, 0),
(553, '医疗器械注册', NULL, 72, 0, 0),
(554, '医疗器械生产/质量管理', NULL, 72, 0, 0),
(555, '医疗器械研发', NULL, 72, 1, 0),
(556, '药店店长', NULL, 73, 0, 0),
(557, '执业药师/驻店药师', NULL, 73, 0, 0),
(558, '药店店员', NULL, 73, 0, 0),
(559, '医学营销/媒体', NULL, 74, 0, 0),
(560, '医疗器械销售', NULL, 74, 0, 0),
(561, '医学编辑', NULL, 74, 0, 0),
(562, '药学编辑', NULL, 74, 0, 0),
(563, '医药代表', NULL, 74, 0, 0),
(564, '健康顾问', NULL, 74, 0, 0),
(565, '医美咨询', NULL, 74, 0, 0),
(566, '其他医疗健康职位', NULL, 75, 0, 0),
(567, '采购', NULL, 76, 0, 0),
(568, '采购总监', NULL, 76, 0, 0),
(569, '采购经理', NULL, 76, 1, 0),
(570, '采购专员', NULL, 76, 0, 0),
(571, '买手', NULL, 76, 0, 0),
(572, '采购工程师', NULL, 76, 0, 0),
(573, '采购主管', NULL, 76, 1, 0),
(574, '采购助理', NULL, 76, 0, 0),
(575, '进出口贸易', NULL, 77, 1, 0),
(576, '外贸经理', NULL, 77, 0, 0),
(577, '外贸专员', NULL, 77, 0, 0),
(578, '外贸业务员', NULL, 77, 0, 0),
(579, '贸易跟单', NULL, 77, 0, 0),
(580, '其他采购/贸易类职位', NULL, 78, 0, 0),
(581, '物流', NULL, 79, 0, 0),
(582, '供应链专员', NULL, 79, 0, 0),
(583, '供应链经理', NULL, 79, 1, 0),
(584, '物流专员', NULL, 79, 1, 0),
(585, '物流经理', NULL, 79, 0, 0),
(586, '物流运营', NULL, 79, 0, 0),
(587, '物流跟单', NULL, 79, 0, 0),
(588, '贸易跟单', NULL, 79, 1, 0),
(589, '物仓调度', NULL, 79, 0, 0),
(590, '物仓项目', NULL, 79, 0, 0),
(591, '运输经理/主管', NULL, 79, 0, 0),
(592, '货运代理专员', NULL, 79, 0, 0),
(593, '货运代理经理', NULL, 79, 0, 0),
(594, '水/空/陆运操作', NULL, 79, 0, 0),
(595, '报关员', NULL, 79, 0, 0),
(596, '报检员', NULL, 79, 0, 0),
(597, '核销员', NULL, 79, 0, 0),
(598, '单证员', NULL, 79, 0, 0),
(599, '仓储', NULL, 80, 0, 0),
(600, '仓储物料经理', NULL, 80, 0, 0),
(601, '仓储物料专员', NULL, 80, 0, 0),
(602, '仓储物料项目', NULL, 80, 0, 0),
(603, '仓储管理', NULL, 80, 0, 0),
(604, '仓库文员', NULL, 80, 0, 0),
(605, '配/理/拣/发货', NULL, 80, 0, 0),
(606, '运输', NULL, 81, 0, 0),
(607, '货运司机', NULL, 81, 0, 0),
(608, '集装箱管理', NULL, 81, 0, 0),
(609, '配送', NULL, 81, 0, 0),
(610, '快递', NULL, 81, 0, 0),
(611, '高端供应链职位', NULL, 82, 0, 0),
(612, '供应链总监', NULL, 82, 0, 0),
(613, '物流总监', NULL, 82, 0, 0),
(614, '其他供应链职位', NULL, 83, 0, 0),
(615, '房地产规划开发', NULL, 84, 1, 0),
(616, '房产策划', NULL, 84, 0, 0),
(617, '地产项目管理', NULL, 84, 0, 0),
(618, '地产招投标', NULL, 84, 0, 0),
(619, '弱电工程师', NULL, 85, 0, 0),
(620, '给排水工程师', NULL, 85, 0, 0),
(621, '暖通工程师', NULL, 85, 0, 0),
(622, '幕墙工程师', NULL, 85, 0, 0),
(623, '软装设计师', NULL, 85, 0, 0),
(624, '施工员', NULL, 85, 0, 0),
(625, '测绘/测量', NULL, 85, 0, 0),
(626, '材料员', NULL, 85, 0, 0),
(627, 'BIM工程师', NULL, 85, 0, 0),
(628, '设计装修与市政建设', NULL, 85, 0, 0),
(629, '高级建筑工程师', NULL, 85, 0, 0),
(630, '建筑工程师', NULL, 85, 0, 0),
(631, '建筑设计师', NULL, 85, 0, 0),
(632, '土木/土建/结构工程师', NULL, 85, 0, 0),
(633, '室内设计', NULL, 85, 0, 0),
(634, '园林设计', NULL, 85, 0, 0),
(635, '城市规划设计', NULL, 85, 0, 0),
(636, '工程监理', NULL, 85, 0, 0),
(637, '工程造价', NULL, 85, 0, 0),
(638, '预结算', NULL, 85, 0, 0),
(639, '工程资料管理', NULL, 85, 0, 0),
(640, '建筑施工现场管理', NULL, 85, 0, 0),
(641, '景观设计', NULL, 85, 0, 0),
(642, '房地产经纪', NULL, 86, 0, 0),
(643, '地产置业顾问', NULL, 86, 0, 0),
(644, '地产评估', NULL, 86, 0, 0),
(645, '地产中介', NULL, 86, 0, 0),
(646, '物业维修', NULL, 87, 0, 0),
(647, '绿化工', NULL, 87, 0, 0),
(648, '物业管理', NULL, 87, 1, 0),
(649, '物业租赁销售', NULL, 87, 0, 0),
(650, '物业招商管理', NULL, 87, 0, 0),
(651, '高端房地产职位', NULL, 88, 0, 0),
(652, '地产项目总监', NULL, 88, 0, 0),
(653, '地产策划总监', NULL, 88, 0, 0),
(654, '地产招投标总监', NULL, 88, 0, 0),
(655, '物业总监', NULL, 88, 0, 0),
(656, '房地产销售总监', NULL, 88, 0, 0),
(657, '其他房地产职位', NULL, 89, 0, 0),
(658, '咨询/调研', NULL, 90, 0, 0),
(659, '企业管理咨询', NULL, 90, 1, 0),
(660, '数据分析师', NULL, 90, 0, 0),
(661, '财务咨询顾问', NULL, 90, 0, 0),
(662, 'IT咨询顾问', NULL, 90, 0, 0),
(663, '人力资源顾问', NULL, 90, 0, 0),
(664, '咨询项目管理', NULL, 90, 0, 0),
(665, '战略咨询', NULL, 90, 0, 0),
(666, '猎头顾问', NULL, 90, 0, 0),
(667, '市场调研', NULL, 90, 0, 0),
(668, '其他咨询顾问', NULL, 90, 0, 0),
(669, '知识产权', NULL, 91, 0, 0),
(670, '事务所律师', NULL, 91, 1, 0),
(671, '公司法务', NULL, 91, 0, 0),
(672, '英语翻译', NULL, 92, 0, 0),
(673, '日语翻译', NULL, 92, 0, 0),
(674, '韩语/朝鲜语翻译', NULL, 92, 0, 0),
(675, '法语翻译', NULL, 92, 0, 0),
(676, '德语翻译', NULL, 92, 0, 0),
(677, '俄语翻译', NULL, 92, 0, 0),
(678, '西班牙语翻译', NULL, 92, 0, 0),
(679, '其他语种翻译', NULL, 92, 0, 0),
(680, '高端咨询类职位', NULL, 93, 0, 0),
(681, '咨询总监', NULL, 93, 0, 0),
(682, '咨询经理', NULL, 93, 0, 0),
(683, '高级翻译', NULL, 93, 0, 0),
(684, '同声传译', NULL, 93, 0, 0),
(685, '其他咨询/翻译类职位', NULL, 94, 0, 0),
(686, '旅游服务', NULL, 95, 0, 0),
(687, '计调', NULL, 95, 0, 0),
(688, '签证', NULL, 95, 0, 0),
(689, '旅游顾问', NULL, 95, 1, 0),
(690, '导游', NULL, 95, 1, 0),
(691, '预定票务', NULL, 95, 0, 0),
(692, '旅游产品开发/策划', NULL, 96, 1, 0),
(693, '旅游产品经理', NULL, 96, 0, 0),
(694, '旅游策划师', NULL, 96, 0, 0),
(695, '其他旅游职位', NULL, 97, 0, 0),
(696, '保安', NULL, 98, 0, 0),
(697, '保洁', NULL, 98, 0, 0),
(698, '保姆', NULL, 98, 0, 0),
(699, '月嫂', NULL, 98, 0, 0),
(700, '育婴师', NULL, 98, 0, 0),
(701, '护工', NULL, 98, 0, 0),
(702, '安检员', NULL, 98, 0, 0),
(703, '手机维修', NULL, 98, 0, 0),
(704, '家电维修', NULL, 98, 0, 0),
(705, '保安经理', NULL, 98, 0, 0),
(706, '宠物美容', NULL, 99, 0, 0),
(707, '宠物医生', NULL, 99, 0, 0),
(708, '花艺师', NULL, 100, 0, 0),
(709, '婚礼策划师', NULL, 100, 0, 0),
(710, '彩妆顾问', NULL, 101, 0, 0),
(711, '纹绣师', NULL, 101, 0, 0),
(712, '美体师', NULL, 101, 0, 0),
(713, '美发学徒', NULL, 101, 0, 0),
(714, '美容店长', NULL, 101, 0, 0),
(715, '足疗师', NULL, 101, 0, 0),
(716, '按摩师', NULL, 101, 0, 0),
(717, '发型师', NULL, 101, 1, 0),
(718, '美甲师', NULL, 101, 0, 0),
(719, '化妆师', NULL, 101, 0, 0),
(720, '美容师/顾问', NULL, 101, 0, 0),
(721, '礼仪迎宾', NULL, 102, 0, 0),
(722, '前厅经理', NULL, 102, 0, 0),
(723, '客房经理', NULL, 102, 0, 0),
(724, '收银', NULL, 102, 0, 0),
(725, '酒店前台', NULL, 102, 1, 0),
(726, '客房服务员', NULL, 102, 1, 0),
(727, '酒店经理', NULL, 102, 0, 0),
(728, '后厨', NULL, 103, 0, 0),
(729, '配菜打荷', NULL, 103, 0, 0),
(730, '茶艺师', NULL, 103, 0, 0),
(731, '西点师', NULL, 103, 0, 0),
(732, '餐饮学徒', NULL, 103, 0, 0),
(733, '面点师', NULL, 103, 0, 0),
(734, '行政总厨', NULL, 103, 0, 0),
(735, '厨师长', NULL, 103, 0, 0),
(736, '传菜员', NULL, 103, 0, 0),
(737, '洗碗工', NULL, 103, 0, 0),
(738, '凉菜厨师', NULL, 103, 0, 0),
(739, '中餐厨师', NULL, 103, 0, 0),
(740, '西餐厨师', NULL, 103, 0, 0),
(741, '日式厨师', NULL, 103, 0, 0),
(742, '烧烤师傅', NULL, 103, 0, 0),
(743, '餐饮', NULL, 103, 0, 0),
(744, '收银', NULL, 103, 0, 0),
(745, '服务员', NULL, 103, 0, 0),
(746, '厨师', NULL, 103, 0, 0),
(747, '咖啡师', NULL, 103, 0, 0),
(748, '送餐员', NULL, 103, 0, 0),
(749, '餐饮店长', NULL, 103, 0, 0),
(750, '领班', NULL, 103, 0, 0),
(751, '督导/巡店', NULL, 104, 0, 0),
(752, '陈列员', NULL, 104, 0, 0),
(753, '理货员', NULL, 104, 0, 0),
(754, '防损员', NULL, 104, 0, 0),
(755, '卖场经理', NULL, 104, 0, 0),
(756, '收银', NULL, 104, 0, 0),
(757, '导购', NULL, 104, 0, 0),
(758, '店员/营业员', NULL, 104, 0, 0),
(759, '门店店长', NULL, 104, 0, 0),
(760, '会籍顾问', NULL, 105, 0, 0),
(761, '救生员', NULL, 105, 0, 0),
(762, '健身', NULL, 105, 0, 0),
(763, '瑜伽教练', NULL, 105, 0, 0),
(764, '瘦身顾问', NULL, 105, 0, 0),
(765, '游泳教练', NULL, 105, 0, 0),
(766, '美体教练', NULL, 105, 0, 0),
(767, '舞蹈教练', NULL, 105, 0, 0),
(768, '健身教练', NULL, 105, 0, 0),
(769, '其他服务业职位', NULL, 106, 0, 0),
(770, '生产营运', NULL, 107, 0, 0),
(771, '厂长/工厂经理', NULL, 107, 0, 0),
(772, '生产总监', NULL, 107, 1, 0),
(773, '生产经理/车间主任', NULL, 107, 0, 0),
(774, '生产组长/拉长', NULL, 107, 0, 0),
(775, '生产员', NULL, 107, 0, 0),
(776, '生产设备管理', NULL, 107, 0, 0),
(777, '生产计划/物料控制', NULL, 107, 0, 0),
(778, '生产跟单', NULL, 107, 0, 0),
(779, '质检员', NULL, 108, 0, 0),
(780, '质量管理/测试', NULL, 108, 1, 0),
(781, '可靠度工程师', NULL, 108, 0, 0),
(782, '故障分析师', NULL, 108, 0, 0),
(783, '认证工程师', NULL, 108, 0, 0),
(784, '体系工程师', NULL, 108, 0, 0),
(785, '审核员', NULL, 108, 0, 0),
(786, '安全员', NULL, 108, 1, 0),
(787, '汽车质量工程师', NULL, 108, 0, 0),
(788, '电池工程师', NULL, 109, 0, 0),
(789, '电机工程师', NULL, 109, 0, 0),
(790, '线束设计', NULL, 109, 0, 0),
(791, '充电桩设计', NULL, 109, 0, 0),
(792, '汽车设计', NULL, 110, 0, 0),
(793, '车身/造型设计', NULL, 110, 0, 0),
(794, '底盘工程师', NULL, 110, 0, 0),
(795, '动力系统工程师', NULL, 110, 0, 0),
(796, '汽车电子工程师', NULL, 110, 0, 0),
(797, '汽车零部件设计', NULL, 110, 0, 0),
(798, '汽车项目管理', NULL, 110, 0, 0),
(799, '内外饰设计工程师', NULL, 110, 0, 0),
(800, '总装工程师', NULL, 110, 0, 0),
(801, '汽车销售', NULL, 111, 0, 0),
(802, '汽车配件销售', NULL, 111, 0, 0),
(803, '汽车服务顾问', NULL, 111, 0, 0),
(804, '汽车维修', NULL, 111, 0, 0),
(805, '汽车美容', NULL, 111, 0, 0),
(806, '汽车定损理赔', NULL, 111, 0, 0),
(807, '二手车评估师', NULL, 111, 0, 0),
(808, '4S店店长/维修站长', NULL, 111, 0, 0),
(809, '汽车改装工程师', NULL, 111, 0, 0),
(810, '机械设计/制造', NULL, 112, 0, 0),
(811, '热传导', NULL, 112, 0, 0),
(812, '精益工程师', NULL, 112, 0, 0),
(813, '机械工程师', NULL, 112, 0, 0),
(814, '机械设计师', NULL, 112, 0, 0),
(815, '机械设备工程师', NULL, 112, 0, 0),
(816, '机械维修/保养', NULL, 112, 0, 0),
(817, '机械制图', NULL, 112, 0, 0),
(818, '机械结构工程师', NULL, 112, 0, 0),
(819, '工业工程师', NULL, 112, 0, 0),
(820, '工艺/制程工程师', NULL, 112, 0, 0),
(821, '材料工程师', NULL, 112, 0, 0),
(822, '机电工程师', NULL, 112, 0, 0),
(823, 'CNC/数控', NULL, 112, 0, 0),
(824, '冲压工程师', NULL, 112, 0, 0),
(825, '夹具工程师', NULL, 112, 0, 0),
(826, '模具工程师', NULL, 112, 0, 0),
(827, '焊接工程师', NULL, 112, 0, 0),
(828, '注塑工程师', NULL, 112, 0, 0),
(829, '铸造/锻造工程师', NULL, 112, 0, 0),
(830, '化工工程师', NULL, 113, 0, 0),
(831, '实验室技术员', NULL, 113, 0, 0),
(832, '化学分析', NULL, 113, 0, 0),
(833, '涂料研发', NULL, 113, 0, 0),
(834, '化妆品研发', NULL, 113, 0, 0),
(835, '食品/饮料研发', NULL, 113, 0, 0),
(836, '服装/纺织设计', NULL, 114, 0, 0),
(837, '面料辅料开发', NULL, 114, 0, 0),
(838, '打样/制版', NULL, 114, 0, 0),
(839, '服装/纺织/皮革跟单', NULL, 114, 0, 0),
(840, '缝纫工', NULL, 115, 0, 0),
(841, '搬运工', NULL, 115, 0, 0),
(842, '普工/操作工', NULL, 115, 0, 0),
(843, '叉车', NULL, 115, 0, 0),
(844, '铲车', NULL, 115, 0, 0),
(845, '焊工', NULL, 115, 0, 0),
(846, '氩弧焊工', NULL, 115, 0, 0),
(847, '电工', NULL, 115, 0, 0),
(848, '木工', NULL, 115, 0, 0),
(849, '漆工', NULL, 115, 0, 0),
(850, '车工', NULL, 115, 0, 0),
(851, '磨工', NULL, 115, 0, 0),
(852, '铣工', NULL, 115, 0, 0),
(853, '钳工', NULL, 115, 0, 0),
(854, '钻工', NULL, 115, 0, 0),
(855, '铆工', NULL, 115, 0, 0),
(856, '钣金', NULL, 115, 0, 0),
(857, '抛光', NULL, 115, 0, 0),
(858, '机修工', NULL, 115, 0, 0),
(859, '折弯工', NULL, 115, 0, 0),
(860, '电镀工', NULL, 115, 0, 0),
(861, '喷塑工', NULL, 115, 0, 0),
(862, '注塑工', NULL, 115, 0, 0),
(863, '组装工', NULL, 115, 0, 0),
(864, '包装工', NULL, 115, 0, 0),
(865, '空调工', NULL, 115, 0, 0),
(866, '电梯工', NULL, 115, 0, 0),
(867, '锅炉工', NULL, 115, 0, 0),
(868, '学徒工', NULL, 115, 0, 0),
(869, '其他生产制造职位', NULL, 116, 0, 0);

-- --------------------------------------------------------

--
-- 表的结构 `job_collection`
--

CREATE TABLE `job_collection` (
  `job_collection_id` int(11) NOT NULL,
  `js_id` int(11) NOT NULL,
  `job_id` int(11) NOT NULL
) ENGINE=InnoDB DEFAULT CHARSET=utf8;

--
-- 转存表中的数据 `job_collection`
--

INSERT INTO `job_collection` (`job_collection_id`, `js_id`, `job_id`) VALUES
(2, 19, 12),
(3, 19, 14),
(4, 1, 8);

-- --------------------------------------------------------

--
-- 表的结构 `job_seeker`
--

CREATE TABLE `job_seeker` (
  `js_id` int(11) NOT NULL,
  `js_username` varchar(50) NOT NULL,
  `js_password` varchar(50) NOT NULL,
  `js_head_img` varchar(255) DEFAULT NULL,
  `js_realname` varchar(50) NOT NULL,
  `js_id_card` varchar(20) NOT NULL,
  `js_age` tinyint(4) DEFAULT NULL,
  `js_gender` char(2) NOT NULL,
  `js_phone` varchar(20) NOT NULL,
  `js_email` varchar(50) NOT NULL,
  `js_sq` varchar(50) NOT NULL,
  `js_college` varchar(255) DEFAULT NULL,
  `js_edu` tinyint(4) DEFAULT NULL COMMENT '1:初中及以下;2:中专/中技;3:高中;4:大专;5:本科;6:硕士;7:博士',
  `js_exp` tinyint(4) DEFAULT NULL COMMENT '1:在校生;2:应届生;3:一年以内;4:1-3年;5:3-5年;6:5-10年;7:10年以上',
  `js_sal` tinyint(4) DEFAULT NULL COMMENT '1:3K以下;2:3-5K;3:5-10K;4:10-15K;5:15-20K;6:20-30K;7:30-50K;8:50K以上',
  `js_tag` varchar(255) DEFAULT NULL,
  `js_resume_url` varchar(255) DEFAULT NULL
) ENGINE=InnoDB DEFAULT CHARSET=utf8;

--
-- 转存表中的数据 `job_seeker`
--

INSERT INTO `job_seeker` (`js_id`, `js_username`, `js_password`, `js_head_img`, `js_realname`, `js_id_card`, `js_age`, `js_gender`, `js_phone`, `js_email`, `js_sq`, `js_college`, `js_edu`, `js_exp`, `js_sal`, `js_tag`, `js_resume_url`) VALUES
(1, '123456', '123456', '11d25284-be11-4d47-9a46-cf555e20c091.jpg', '真实姓名', '65464', 24, '男', '13428012237', '2207715152@qq.com', '6', 'XX大学', 5, 2, 4, 'Java,Spring', NULL),
(3, 'luoxd', '123456', NULL, '啦啦', '65464', NULL, '男', '13428012237', '2207715152@qq.com', '6', NULL, NULL, NULL, NULL, NULL, NULL),
(4, 'test', '123456', NULL, '啦啦22', '65464', NULL, '男', '13428012237', '2207715152@qq.com', '6', NULL, NULL, NULL, NULL, NULL, NULL),
(5, 'test2', '123456', NULL, '88', '65464', NULL, '男', '13428012237', '2207715152@qq.com', '6', NULL, NULL, NULL, NULL, NULL, NULL),
(6, 'test3', '123456', NULL, '88', '65464', NULL, '男', '13428012237', '2207715152@qq.com', '6', NULL, NULL, NULL, NULL, NULL, NULL),
(18, '测试', '123456', '4d2bff43-761f-4e85-9d2e-f8d1647410af.jpg', '啦啦啦', '123456', NULL, '男', '13428012237', '2207715152@qq.com', '123456', NULL, NULL, NULL, NULL, NULL, NULL),
(19, '测试2', '123456', '1a454452-c935-485f-a155-49b7cdacd097.jpg', '罗晓东', '123456', 25, '男', '13428012237', '2207715152@qq.com', '123456', 'XX大学', 5, 2, 3, 'Java,Spring,分布式', NULL),
(22, 'test4', '123456', 'e26dbadc-1f0f-49bc-a415-c157f198fd90.jpg', '啦啦啦', '123456', 24, '男', '13428012237', '2207715152@qq.com', '123456', '', NULL, NULL, NULL, 'Java,Spring,分布式', NULL),
(23, '测试5645', '123456', 'b2fac537-da31-40f2-bd01-30c830aa893e.jpg', '罗晓东', '123456', 24, '男', '13428012237', '2207715152@qq.com', '123456', '', NULL, NULL, 2, '', NULL);

-- --------------------------------------------------------

--
-- 表的结构 `recruiter`
--

CREATE TABLE `recruiter` (
  `re_id` int(11) NOT NULL,
  `re_username` varchar(50) NOT NULL,
  `re_password` varchar(50) NOT NULL,
  `re_head_img` varchar(255) DEFAULT NULL,
  `re_realname` varchar(50) NOT NULL,
  `re_id_card` varchar(20) NOT NULL,
  `re_gender` char(2) NOT NULL,
  `re_phone` varchar(20) NOT NULL,
  `re_email` varchar(50) NOT NULL,
  `re_sq` varchar(20) NOT NULL,
  `re_company` varchar(100) NOT NULL,
  `re_company_position` varchar(50) NOT NULL,
  `re_company_pic` varchar(255) NOT NULL,
  `re_company_id` int(11) DEFAULT NULL
) ENGINE=InnoDB DEFAULT CHARSET=utf8;

--
-- 转存表中的数据 `recruiter`
--

INSERT INTO `recruiter` (`re_id`, `re_username`, `re_password`, `re_head_img`, `re_realname`, `re_id_card`, `re_gender`, `re_phone`, `re_email`, `re_sq`, `re_company`, `re_company_position`, `re_company_pic`, `re_company_id`) VALUES
(1, 'luoxd', '123456', NULL, '一', '45632135156', '男', '13428012237', '2207715152@qq.com', '', '8', '9', '63c062e0-5d08-4d5c-aad0-0050ea5609d0.jpg', NULL),
(2, 'recruiter', '123456', NULL, '啦啦', '65464', '男', '13428012237', '2207715152@qq.com', '6', '有限公司', 'HR', '2876d4e8-478a-4fe0-bb32-e7143c32e0fa.jpg', NULL),
(3, '123456', '123456', NULL, '啦啦2', '65464', '男', '13428012237', '2207715152@qq.com', '6', '有限公司', 'HR', 'f3600f0b-1190-4913-93bb-293805559cd8.jpg', NULL),
(4, '白先生', '123456', NULL, '白先生', '123456', '男', '123456', '123456@qq.com', '123456', '视源股份(CVTE)', 'web后端java开发工程师', '', 1),
(5, '王先生', '123456', NULL, '王先生', '123456', '男', '123456', '123456@qq.com', '123456', '视睿科技', 'web后台开发工程师', '', 2),
(6, '罗先生', '123456', '043e1d18-4343-4ba0-9f61-58fd0d01697e.jpg', '罗先生5465', '123456', '男', '123456564564', '123456@qq.com', '123456', '', '开发工程师', '', 3),
(7, '谢先生', '123456', NULL, '谢先生', '123456', '男', '123456', '123456@qq.com', '123456', '酷狗音乐', '副总裁', '', 4),
(8, '高女士', '123456', NULL, '高女士', '123456', '女', '123456', '123456@qq.com', '123456', '远信控股有限公司', 'HR', '', 5),
(9, 're1', '123456', NULL, '王先生', '123456', '男', '123456', '123456@qq.com', '123456', '腾讯互娱', '高级开发工程师', '', 6),
(10, 'test', '123456', NULL, '啦啦啦', '123456', '男', '13428012237', '2207715152@qq.com', '123456', '啦啦', 'HR', '83e9038f-d279-4417-9bd5-5af815a70b8d.jpg', NULL),
(11, 're2', '123456', NULL, ' 李女士', '123456', '女', '123456', '123456@qq.com', '123456', '三盟科技', 'HR', '', 7);

--
-- 转储表的索引
--

--
-- 表的索引 `admin`
--
ALTER TABLE `admin`
  ADD PRIMARY KEY (`admin_id`);

--
-- 表的索引 `chat`
--
ALTER TABLE `chat`
  ADD PRIMARY KEY (`chat_id`);

--
-- 表的索引 `child_classes`
--
ALTER TABLE `child_classes`
  ADD PRIMARY KEY (`child_classes_id`);

--
-- 表的索引 `classes`
--
ALTER TABLE `classes`
  ADD PRIMARY KEY (`classes_id`);

--
-- 表的索引 `company`
--
ALTER TABLE `company`
  ADD PRIMARY KEY (`company_id`);

--
-- 表的索引 `feedback`
--
ALTER TABLE `feedback`
  ADD PRIMARY KEY (`feedback_id`);

--
-- 表的索引 `index_pic`
--
ALTER TABLE `index_pic`
  ADD PRIMARY KEY (`index_pic_id`);

--
-- 表的索引 `job`
--
ALTER TABLE `job`
  ADD PRIMARY KEY (`job_id`);

--
-- 表的索引 `job_classes`
--
ALTER TABLE `job_classes`
  ADD PRIMARY KEY (`job_classes_id`);

--
-- 表的索引 `job_collection`
--
ALTER TABLE `job_collection`
  ADD PRIMARY KEY (`job_collection_id`);

--
-- 表的索引 `job_seeker`
--
ALTER TABLE `job_seeker`
  ADD PRIMARY KEY (`js_id`);

--
-- 表的索引 `recruiter`
--
ALTER TABLE `recruiter`
  ADD PRIMARY KEY (`re_id`);

--
-- 在导出的表使用AUTO_INCREMENT
--

--
-- 使用表AUTO_INCREMENT `admin`
--
ALTER TABLE `admin`
  MODIFY `admin_id` int(11) NOT NULL AUTO_INCREMENT, AUTO_INCREMENT=2;

--
-- 使用表AUTO_INCREMENT `chat`
--
ALTER TABLE `chat`
  MODIFY `chat_id` int(11) NOT NULL AUTO_INCREMENT, AUTO_INCREMENT=3;

--
-- 使用表AUTO_INCREMENT `child_classes`
--
ALTER TABLE `child_classes`
  MODIFY `child_classes_id` int(4) NOT NULL AUTO_INCREMENT, AUTO_INCREMENT=117;

--
-- 使用表AUTO_INCREMENT `classes`
--
ALTER TABLE `classes`
  MODIFY `classes_id` int(4) NOT NULL AUTO_INCREMENT, AUTO_INCREMENT=20;

--
-- 使用表AUTO_INCREMENT `company`
--
ALTER TABLE `company`
  MODIFY `company_id` int(11) NOT NULL AUTO_INCREMENT, AUTO_INCREMENT=8;

--
-- 使用表AUTO_INCREMENT `feedback`
--
ALTER TABLE `feedback`
  MODIFY `feedback_id` int(11) NOT NULL AUTO_INCREMENT, AUTO_INCREMENT=11;

--
-- 使用表AUTO_INCREMENT `index_pic`
--
ALTER TABLE `index_pic`
  MODIFY `index_pic_id` int(11) NOT NULL AUTO_INCREMENT, AUTO_INCREMENT=5;

--
-- 使用表AUTO_INCREMENT `job`
--
ALTER TABLE `job`
  MODIFY `job_id` int(11) NOT NULL AUTO_INCREMENT, AUTO_INCREMENT=17;

--
-- 使用表AUTO_INCREMENT `job_classes`
--
ALTER TABLE `job_classes`
  MODIFY `job_classes_id` int(4) NOT NULL AUTO_INCREMENT, AUTO_INCREMENT=870;

--
-- 使用表AUTO_INCREMENT `job_collection`
--
ALTER TABLE `job_collection`
  MODIFY `job_collection_id` int(11) NOT NULL AUTO_INCREMENT, AUTO_INCREMENT=5;

--
-- 使用表AUTO_INCREMENT `job_seeker`
--
ALTER TABLE `job_seeker`
  MODIFY `js_id` int(11) NOT NULL AUTO_INCREMENT, AUTO_INCREMENT=24;

--
-- 使用表AUTO_INCREMENT `recruiter`
--
ALTER TABLE `recruiter`
  MODIFY `re_id` int(11) NOT NULL AUTO_INCREMENT, AUTO_INCREMENT=12;
COMMIT;

/*!40101 SET CHARACTER_SET_CLIENT=@OLD_CHARACTER_SET_CLIENT */;
/*!40101 SET CHARACTER_SET_RESULTS=@OLD_CHARACTER_SET_RESULTS */;
/*!40101 SET COLLATION_CONNECTION=@OLD_COLLATION_CONNECTION */;
